734429^辛格爾斯濱江別墅酒店^['辛格爾斯濱江', '別墅酒店']^['htl', 'ac']
45807710^盟坦吉斯城堡酒店^['盟坦吉斯城堡', '酒店']^['htl', 'ac']
48302039^十堰名巢未來酒店^['十堰', '名巢未來', '酒店']^['city', 'htl', 'ac']
8697998^春川SSMT旅館^['春川', 'SSMT', '旅館']^['poi', 'htl', 'ac']
9043538^拉貝託拉酒店^['拉貝託拉', '酒店']^['htl', 'ac']
68092506^黃平美居樂酒店^['黃平', '美居', '樂', '酒店']^['city', 'brand', 'htl', 'ac']
6039049^昭通軒庭酒店^['昭通', '軒庭', '酒店']^['city', 'htl', 'ac']
9879370^利別霍夫旅館^['利別霍夫', '旅館']^['htl', 'ac']
2879078^北方伊克諾旅館^['北方伊克諾', '旅館']^['htl', 'ac']
9200740^科爾諾酒店^['科爾諾', '酒店']^['htl', 'ac']
48914979^麥奇克別墅^['麥奇克', '別墅']^['htl', 'ac']
2904250^涇縣徽玉閣商務賓館^['涇縣', '徽玉閣', '商務賓館']^['city', 'htl', 'ac']
10138351^弗洛爾民宿^['弗洛爾', '民宿']^['htl', 'ac']
1071296^福州一米陽光商務酒店^['福州', '一米陽光', '商務酒店']^['city', 'htl', 'ac']
2105878^薩默塞特居家酒店^['薩默塞特居家', '酒店']^['htl', 'ac']
3794247^赫利奧波利斯巖石酒店^['赫利奧波利斯', '巖石', '酒店']^['location', 'htl', 'ac']
1457920^神木天磊賓館^['神木', '天磊', '賓館']^['city', 'htl', 'ac']
35090600^露櫻酒店 鹿沼高速路口^['露櫻', '酒店', '鹿沼高速路口']^['htl', 'ac', 'other']
6043457^紅安桂花園酒店^['紅安', '桂', '花園酒店']^['city', 'htl', 'ac']
37470445^亞德蘭卡公寓^['亞德蘭卡', '公寓']^['htl', 'ac']
7619160^波普託Co Ltd亞歷山大J別墅^['波普', '託Co Ltd亞歷山大J', '別墅']^['poi', 'htl', 'ac']
4436932^屏東卡瓦那庭園民宿^['屏東', '卡瓦那庭園', '民宿']^['city', 'htl', 'ac']
9266106^海藍寶石度假別墅酒店^['海藍寶石', '度假別墅', '酒店']^['htl', 'ac', 'other']
9452212^歐洲酒店^['歐洲', '酒店']^['htl', 'ac']
46119202^龍門貝時度假別墅^['龍門', '貝時', '度假別墅']^['city', 'htl', 'ac']
18026428^莫幹山溪灘山居農家樂^['莫幹山', '溪灘山居', '農家樂']^['poi', 'htl', 'ac']
4224496^德爾奇科利酒店^['德爾奇科利', '酒店']^['htl', 'ac']
2887942^塞爾大廈酒店^['塞爾大廈', '酒店']^['htl', 'ac']
9853204^馬爾特旅館^['馬爾特', '旅館']^['htl', 'ac']
1547581^班拉邁度假酒店^['班拉邁', '度假酒店']^['htl', 'ac']
1061602^黃山老街大院客棧^['黃山', '老街', '大院', '客棧']^['city', 'poi', 'htl', 'ac']
2135702^玫瑰花園公寓酒店 布爾杜拜^['玫瑰花園', '公寓酒店', '布爾', '杜拜']^['htl', 'ac', 'other', 'city']
45903660^春天帕德克酒店^['春天', '帕德克', '酒店']^['brand', 'htl', 'ac']
3717204^吉爾曼谷霍山度假酒店^['吉爾曼谷霍山', '度假酒店']^['htl', 'ac']
2544873^拉雷普比利卡住宅酒店^['拉雷普比利卡', '住宅酒店']^['htl', 'ac']
2930397^水獺溪傲途格精選小屋酒店^['水獺溪傲途格精選小屋', '酒店']^['htl', 'ac']
9023799^海洋變化酒店^['海洋變化', '酒店']^['htl', 'ac']
7033288^艾米爾布提克酒店^['艾米爾布提克', '酒店']^['htl', 'ac']
2804005^峇里島烏布貞巴卡德哥拉朗別墅^['峇里島', '烏布', '貞巴卡德哥拉朗', '別墅']^['city', 'poi', 'htl', 'ac']
47991030^館林市新榮町 R9 庭院酒店^['館林市', '新榮町 R9 庭院', '酒店']^['city', 'htl', 'ac']
8616034^藍寶石酒店^['藍寶石', '酒店']^['htl', 'ac']
759528^維拉艾麗斯酒店^['維拉艾麗斯', '酒店']^['htl', 'ac']
6950631^平和幸福賓館^['平和', '幸福', '賓館']^['city', 'htl', 'ac']
689702^仙特拉雅加達酒店^['仙特拉雅加達', '酒店']^['htl', 'ac']
3650003^波蒂科薩羅瓦爾酒店^['波蒂科薩羅瓦爾', '酒店']^['htl', 'ac']
28515143^4KD塞勒斯特酒店^['4KD塞勒斯特', '酒店']^['htl', 'ac']
7009868^鳳城東湯天沐君瀾溫泉度假酒店^['鳳城', '東湯天沐君瀾溫泉', '度假酒店']^['city', 'htl', 'ac']
56987936^網紅公寓市中心base情侶閨蜜遊A1^['網紅', '公寓', '市中心base情侶閨蜜遊A1']^['htl', 'ac', 'other']
9299996^多娜比阿特麗斯農莊酒店^['多娜比阿特麗斯農莊', '酒店']^['htl', 'ac']
6298435^畢節紅太陽賓館^['畢節', '紅太陽', '賓館']^['city', 'htl', 'ac']
11068230^斯特拉斯堡中心奧克酒店^['斯特拉斯堡', '中心奧克', '酒店']^['city', 'htl', 'ac']
2848043^尤利安德拉民宿^['尤利安德拉', '民宿']^['htl', 'ac']
3084116^科雷亞萊花園住宿加早餐旅館^['科雷亞萊花園住宿加早餐', '旅館']^['htl', 'ac']
928448^額爾古納恩和柯柳杞汽車旅館^['額爾古納', '恩和', '柯柳杞', '汽車旅館']^['city', 'poi', 'htl', 'ac']
9627470^海口興華青年旅舍^['海口', '興華', '青年旅舍']^['city', 'htl', 'ac']
22099195^波狄溫酒店^['波狄溫', '酒店']^['htl', 'ac']
23157062^祥華 81 民宿^['祥華 81', '民宿']^['htl', 'ac']
2157833^品質海濱酒店^['品質海濱', '酒店']^['htl', 'ac']
7657024^宜必思酒店(洛陽王府井酒店)^['宜必思', '酒店', '洛陽']^['brand', 'ac', 'city']
9296985^蘭西爾樓旅館^['蘭西爾樓', '旅館']^['htl', 'ac']
52522618^武漢美橙小蘇公寓^['武漢', '美橙小蘇', '公寓']^['city', 'htl', 'ac']
1299324^瀋陽樂如一家旅館^['瀋陽', '樂如', '一家', '旅館']^['city', 'htl', 'brand', 'ac']
25015142^塞普酒店^['塞普', '酒店']^['htl', 'ac']
9869874^崗特艾登曼養生自然度假村^['崗特艾登曼養生自然', '度假村']^['htl', 'ac']
10520605^阿克羅波利斯公寓酒店^['阿克羅波利斯', '公寓酒店']^['htl', 'ac']
18485110^神州半島高爾夫度假公寓(萬寧半島湖公園店)^['神州半島', '高爾夫', '度假公寓', '萬寧', '半島']^['poi', 'htl', 'ac', 'city', 'brand']
39434294^長沙三春居酒店^['長沙', '三春居', '酒店']^['city', 'htl', 'ac']
52852811^惠州相聚一刻公寓^['惠州', '相聚一刻', '公寓']^['city', 'htl', 'ac']
2920022^波特蘭威爾遜維爾6號汽車旅館^['波特蘭威爾遜維爾6號', '汽車旅館']^['htl', 'ac']
24465606^優居酒店(荊州高鐵站店)^['優居', '酒店', '荊州']^['brand', 'ac', 'city']
3363566^荊門東城國際酒店^['荊門', '東城', '國際酒店']^['city', 'htl', 'ac']
9938058^詹納公寓^['詹納', '公寓']^['htl', 'ac']
51661722^哈羅之家旅館^['哈羅之家', '旅館']^['htl', 'ac']
2533000^安德里斯酒店^['安德里斯', '酒店']^['htl', 'ac']
27357724^贛州尊尚酒店^['贛州', '尊尚', '酒店']^['city', 'htl', 'ac']
2252086^昭通萌青春風尚酒店^['昭通', '萌青春', '風尚酒店']^['city', 'htl', 'ac']
49999436^太陽大酒店^['太陽', '大酒店']^['htl', 'ac']
8123198^阿德萊德格萊內爾格度假公寓酒店^['阿德萊德', '格萊內爾格', '度假公寓酒店']^['city', 'city', 'ac']
1800920^久棲·張家界加州時光咖啡旅館^['久棲', '·張家界加州時光咖啡', '旅館']^['brand', 'htl', 'ac']
5611638^克雷格格林住宿加早餐旅館^['克雷格格林住宿加早餐', '旅館']^['htl', 'ac']
2865124^彩虹旅館^['彩虹', '旅館']^['htl', 'ac']
1181483^象州四合院住宿^['象州', '四合院', '住宿']^['city', 'ac', 'other']
1600647^科爾酒店(廣州黃埔店)^['科爾', '酒店', '廣州', '黃埔']^['htl', 'ac', 'city', 'poi']
49798754^杭州藍蓮花開·枕雲民宿^['杭州', '藍蓮花開·枕雲', '民宿']^['city', 'htl', 'ac']
10564199^上格拉西亞中央酒店^['上格拉西亞中央', '酒店']^['htl', 'ac']
24101407^傑里科灣酒店^['傑里科灣', '酒店']^['htl', 'ac']
45590681^昴宿星豪華公寓酒店^['昴宿星', '豪華公寓酒店']^['htl', 'ac']
2892566^格里芬品質套房酒店^['格里芬品質套房', '酒店']^['htl', 'ac']
21877215^特雷布旅行斯斯瓦格 18 酒店^['特雷布旅行斯斯瓦格 18', '酒店']^['htl', 'ac']
16058404^我的甜蜜地盤 維託利亞廣場公寓酒店^['我的甜蜜地盤 維託利亞廣場', '公寓酒店']^['htl', 'ac']
1844331^滿洲里家1連鎖酒店^['滿洲里', '家1', '連鎖酒店']^['city', 'htl', 'ac']
825056^開平福來旅館^['開平', '福來', '旅館']^['city', 'htl', 'ac']
2885748^村頂Destination 公寓式酒店^['村頂Destination', '公寓式酒店']^['htl', 'ac']
47081425^利伯塔德青年旅舍^['利伯塔德', '青年旅舍']^['htl', 'ac']
1415995^常熟睿智●雅居酒店^['常熟', '睿智●雅居', '酒店']^['city', 'htl', 'ac']
18070264^台南天麗行館^['台南', '天麗', '行館']^['city', 'brand', 'ac']
8988875^黎萊斯那沃那71酒店^['黎萊斯那沃那71', '酒店']^['htl', 'ac']
2586468^錫林浩特海通酒店^['錫林浩特', '海通', '酒店']^['city', 'htl', 'ac']
48995665^凱里亞德酒店(陽朔西街店)^['凱里亞德', '酒店', '陽朔', '西街']^['htl', 'ac', 'city', 'poi']
1786236^四平文達旅館^['四平', '文達', '旅館']^['city', 'htl', 'ac']
1605979^長春好家商務時尚賓館^['長春', '好家', '商務時尚', '賓館']^['city', 'brand', 'htl', 'ac']
4046868^阿波羅大酒店^['阿波羅', '大酒店']^['htl', 'ac']
7179135^里昂東A H普瑞伍列志酒店 聖普列斯特歐洲博覽館^['里昂東A H普瑞伍列志', '酒店', '聖普列斯特', '歐洲博覽館']^['htl', 'ac', 'city', 'other']
2921841^羅德威酒店^['羅德威', '酒店']^['htl', 'ac']
7599193^峇里島庫塔西特拉別墅^['峇里島', '庫塔', '西特拉', '別墅']^['city', 'poi', 'htl', 'ac']
54791254^巴斯兔巴恩查特曼別墅^['巴斯兔巴恩查特曼', '別墅']^['htl', 'ac']
5219010^波多德爾索爾海灘度假酒店^['波多德爾索爾海灘', '度假酒店']^['htl', 'ac']
43636411^婺源Nanco公寓^['婺源', 'Nanco', '公寓']^['city', 'htl', 'ac']
9924450^果園酒店^['果園', '酒店']^['htl', 'ac']
2195732^奧斯陸洛森克蘭茨索恩酒店^['奧斯陸', '洛森克蘭茨', '索恩', '酒店']^['city', 'htl', 'brand', 'ac']
6059184^米西翁哈拉帕拉斯公約廣場酒店^['米西翁哈拉帕拉斯公約廣場', '酒店']^['htl', 'ac']
6760552^保山茶花酒店^['保山', '茶花', '酒店']^['city', 'htl', 'ac']
37118447^蘇曼格蘭酒店^['蘇曼格蘭', '酒店']^['htl', 'ac']
10717441^施庫爾青年旅舍^['施庫爾', '青年旅舍']^['city', 'ac']
776998^華沙卓越階層酒店 華沙^['華沙', '卓越階層', '酒店', '華沙']^['city', 'htl', 'ac', 'city']
47994835^JULY設計生活民宿(新鄉分理處榮校路店)^['JULY設計生活', '民宿', '新鄉']^['htl', 'ac', 'city']
2196953^5海灘酒店^['5海灘', '酒店']^['htl', 'ac']
9877155^STF斯託林費拉加德旅舍^['STF斯託林費拉加德', '旅舍']^['htl', 'ac']
10085348^陽光科納卡拉馬酒店^['陽光科納卡拉馬', '酒店']^['htl', 'ac']
44237513^野三坡凱譽酒店^['野三坡', '凱譽', '酒店']^['poi', 'htl', 'ac']
2110121^塔科馬市中心萬怡酒店^['塔科馬', '市中心', '萬怡', '酒店']^['city', 'htl', 'brand', 'ac']
45561543^梅克內斯精彩城景 3 居公寓酒店 附陽台 離海灘 130 公里^['梅克內斯', '精彩城景 3 居', '公寓酒店', '附陽台 離海灘 130 公里']^['city', 'htl', 'ac', 'other']
3793838^阿可特療養勝地^['阿可特療養勝地']^['htl']
9900411^布魯居複式套房酒店^['布魯居複式套房', '酒店']^['htl', 'ac']
7217884^庫克點服務式度假屋^['庫克點', '服務式', '度假屋']^['city', 'htl', 'ac']
2543202^穆勒玫瑰旅館^['穆勒玫瑰', '旅館']^['htl', 'ac']
24386591^里亞斯海灘公園酒店^['里亞斯海灘公園', '酒店']^['htl', 'ac']
697488^濱海公園公寓酒店^['濱海公園', '公寓酒店']^['htl', 'ac']
23700089^台北西門航棧商旅^['台北', '西門航棧', '商旅']^['city', 'htl', 'ac']
10754700^馬沙姆灣馬酒店^['馬沙姆', '灣馬', '酒店']^['city', 'htl', 'ac']
2921996^溫德姆麥克羅特套房酒店貝爾維尤管理^['溫德姆', '麥克羅特套房', '酒店', '貝爾維尤管理']^['brand', 'htl', 'ac', 'other']
3165818^特魯斯維爾 I 59 公路 141 號出口凱藝酒店^['特魯斯維爾 I 59 公路 141 號出口凱藝', '酒店']^['htl', 'ac']
9044682^酒店 埃裏希羅第格餐廳^['酒店', '埃裏希羅第格餐廳']^['ac', 'htl']
2197315^NH慕尼黑巴伐利亞酒店^['NH慕尼黑巴伐利亞', '酒店']^['htl', 'ac']
773480^拉卡薩德雷昆爾齊酒店^['拉卡薩德雷昆爾齊', '酒店']^['htl', 'ac']
5469053^湯波大衞卡酒店^['湯波大衞卡', '酒店']^['htl', 'ac']
7397535^峇里島坎沃什伊斯普酒店^['峇里島', '坎沃什伊斯普', '酒店']^['city', 'htl', 'ac']
2194189^貝斯特韋斯特優質博爾德酒店^['貝斯特韋斯特優質博爾德', '酒店']^['htl', 'ac']
11097069^赫斯基森酒店^['赫斯基森', '酒店']^['city', 'ac']
22109010^格朗奇農場小屋酒店^['格朗奇農場小屋', '酒店']^['htl', 'ac']
10656773^當家套房冰雪公寓^['當家套房冰雪', '公寓']^['htl', 'ac']
9987217^卡拉斯拉雅普列斯妮婭卡瓦爾精品酒店^['卡拉斯拉雅普列斯妮婭卡瓦爾', '精品酒店']^['htl', 'ac']
5076615^大理夢幻雙廊客棧^['大理', '夢幻雙廊', '客棧']^['city', 'htl', 'ac']
2284524^成都升茂酒店^['成都', '升茂', '酒店']^['city', 'htl', 'ac']
3177959^裏薩德累斯頓艾爾布蘭德美居酒店^['裏薩德累斯頓艾爾布蘭德', '美居', '酒店']^['htl', 'brand', 'ac']
11248148^Dolbi Group民宿^['Dolbi Group', '民宿']^['htl', 'ac']
23988417^阿斯皮爾別墅酒店^['阿斯皮爾', '別墅酒店']^['htl', 'ac']
7485118^夢想家旅舍^['夢想家', '旅舍']^['htl', 'ac']
699116^馬尼拉馬克西姆酒店^['馬尼拉馬克西姆', '酒店']^['htl', 'ac']
5568855^坎普斯灣61號酒店^['坎普斯灣61號', '酒店']^['htl', 'ac']
9431226^波德里諾農家樂^['波德里諾', '農家樂']^['htl', 'ac']
10550541^OYO 比姆艾斯塔旅館^['OYO 比姆艾斯塔', '旅館']^['htl', 'ac']
6477276^河內路易25公寓旅館^['河內', '路易25公寓', '旅館']^['city', 'htl', 'ac']
13751209^新塔馬尼吳哥本斯利度假村^['新塔馬尼吳哥本斯利', '度假村']^['htl', 'ac']
9875944^克羅梅日什 佐比采養生旅館^['克羅梅日什 佐比采養生', '旅館']^['htl', 'ac']
11259797^惠州沐陽小棧^['惠州', '沐陽', '小棧']^['city', 'htl', 'ac']
10030650^Tou Ngou 酒店^['Tou Ngou', '酒店']^['htl', 'ac']
2033452^平樂盛富賓館^['平樂', '盛富', '賓館']^['city', 'htl', 'ac']
61943369^內夫 1 馬耶斯特羅 19 號拉查達住宅酒店^['內夫 1 馬耶斯特羅 19 號拉查達', '住宅酒店']^['htl', 'ac']
10748924^喀普娃拉莊園^['喀普娃拉', '莊園']^['htl', 'ac']
3090518^北俄克拉何馬城舒眠套房酒店^['北俄克拉何馬城舒眠套房', '酒店']^['htl', 'ac']
23082383^蓋特斯沃格酒店^['蓋特斯沃格', '酒店']^['htl', 'ac']
3110707^黎萊斯科爾特卡瓦利酒店^['黎萊斯科爾特卡瓦利', '酒店']^['htl', 'ac']
6814587^銅陵自然夢賓館^['銅陵', '自然夢', '賓館']^['city', 'htl', 'ac']
7064154^艾拉克羅住宿加早餐旅館^['艾拉克羅住宿加早餐', '旅館']^['htl', 'ac']
2850236^海城2號酒店^['海城2號', '酒店']^['htl', 'ac']
3054050^班塔赫海濱旅館^['班塔赫海濱', '旅館']^['htl', 'ac']
18442940^託斯卡納魅力度假村^['託斯卡納魅力', '度假村']^['htl', 'ac']
45562070^赫瓦朗格魯酒店^['赫瓦朗格魯', '酒店']^['htl', 'ac']
1603492^基督城梅里韋爾莊園汽車旅館^['基督城', '梅里韋爾', '莊園', '汽車旅館']^['city', 'location', 'htl', 'ac']
8030555^吉隆坡市中心絕美無邊泳池公寓酒店^['吉隆坡市中心', '絕美無邊泳池', '公寓酒店']^['poi', 'htl', 'ac']
25194695^新古爾法姆酒店^['新古爾法姆', '酒店']^['htl', 'ac']
7111550^魯迪阿倫納裏酒店^['魯迪阿倫納裏', '酒店']^['htl', 'ac']
7935524^旺茶山邊民宿^['旺茶山邊', '民宿']^['htl', 'ac']
8028320^北海合浦欽業商務精品酒店^['北海', '合浦', '欽業商務', '精品酒店']^['city', 'city', 'htl', 'ac']
2058122^首府奧斯汀大學歡朋套房酒店^['首府奧斯汀大學歡朋套房', '酒店']^['htl', 'ac']
54630821^成都皮皮媽公寓^['成都', '皮皮媽', '公寓']^['city', 'htl', 'ac']
3449355^卡斯特利森卡萊特酒店 全球領先酒店聯盟^['卡斯特利森卡萊特酒店 全球領先', '酒店', '聯盟']^['htl', 'ac', 'other']
4424379^方舟皇宮酒店^['方舟皇宮', '酒店']^['htl', 'ac']
9407128^梭格尼老家庭旅館^['梭格尼老', '家庭旅館']^['htl', 'ac']
2198052^美國長住酒店 邁阿密 科勒爾蓋布爾斯^['美國長住', '酒店', '邁阿密', '科勒爾蓋布爾斯']^['htl', 'ac', 'city', 'other']
2250641^杭州海皇世家酒店^['杭州', '海皇世家', '酒店']^['city', 'htl', 'ac']
3166121^普林西帕多酒店^['普林西帕多', '酒店']^['htl', 'ac']
9440655^兩輪阿菲塔卡梅爾公寓酒店^['兩輪阿菲塔卡梅爾', '公寓酒店']^['htl', 'ac']
754760^福斯特爾民宿酒店^['福斯特爾', '民宿酒店']^['htl', 'ac']
2803992^貝都古瓦榮休閑酒店^['貝都古', '瓦榮休閑', '酒店']^['poi', 'htl', 'ac']
47497015^瑪緹斯雅酒店^['瑪緹斯雅', '酒店']^['htl', 'ac']
1647188^鄂霍次克宮酒店^['鄂霍次克宮', '酒店']^['htl', 'ac']
21890828^克薩爾西亞法廣場酒店及度假村^['克薩爾西亞法廣場酒店及', '度假村']^['htl', 'ac']
10524799^克雷施貝格俱樂部酒店^['克雷施貝格俱樂部', '酒店']^['htl', 'ac']
10604857^阿里的小屋^['阿里的', '小屋']^['htl', 'ac']
7424252^普拉亞格酒店^['普拉亞格', '酒店']^['htl', 'ac']
5420189^阿爾奇昂酒店^['阿爾奇昂', '酒店']^['htl', 'ac']
28557990^如家酒店·neo(合肥京商商貿城店)^['如家', '酒店', '·neo', '合肥']^['brand', 'ac', 'other', 'city']
3266498^凱藝酒店^['凱藝', '酒店']^['htl', 'ac']
2645930^阿蒂斯巴貝里尼套房旅館^['阿蒂斯巴貝里尼套房', '旅館']^['htl', 'ac']
6267431^全州洺軒大酒店^['全州', '洺軒', '大酒店']^['city', 'htl', 'ac']
2879094^塔拉哈西貝蒙特套房酒店^['塔拉哈西', '貝蒙特套房', '酒店']^['city', 'htl', 'ac']
22084578^倫敦酒店^['倫敦', '酒店']^['htl', 'ac']
29592706^杭州浙大華家池鳳起東路亞朵酒店^['杭州', '浙大華家池鳳起東路', '亞朵', '酒店']^['city', 'htl', 'brand', 'ac']
28081426^庫塔聚隆別墅酒店^['庫塔', '聚隆', '別墅酒店']^['poi', 'htl', 'ac']
22085386^蒙特聖讓旅館^['蒙特聖讓', '旅館']^['htl', 'ac']
6788802^三台宏源賓館^['三台', '宏源', '賓館']^['city', 'htl', 'ac']
7043909^那不勒斯體驗青年旅舍^['那不勒斯', '體驗', '青年旅舍']^['city', 'htl', 'ac']
3444044^卡拉費雷拉酒店^['卡拉費雷拉', '酒店']^['city', 'ac']
987151^張家界驢途驛棧^['張家界', '驢途', '驛棧']^['city', 'htl', 'ac']
9483574^基安蒂孔帕尼亞酒店^['基安蒂孔帕尼亞', '酒店']^['htl', 'ac']
5148220^再度旅舍^['再度', '旅舍']^['htl', 'ac']
1517265^餘幹金源國際大酒店^['餘幹', '金源', '國際大酒店']^['city', 'htl', 'ac']
3462793^內江龍門星座主題酒店^['內江', '龍門星座', '主題酒店']^['city', 'htl', 'ac']
29755143^沖繩讀谷村格蘭姆戴風格酒店及度假村^['沖繩讀谷村格蘭姆戴風格酒店及', '度假村']^['htl', 'ac']
1455051^天津舒心閣旅館^['天津', '舒心閣', '旅館']^['city', 'htl', 'ac']
66075858^張家界悟空客棧^['張家界', '悟空', '客棧']^['city', 'htl', 'ac']
8378774^呵叻Phupimarnview C10公寓^['呵叻Phupimarnview C10', '公寓']^['htl', 'ac']
13754939^綠色度假村 Spa 酒店^['綠色', '度假村', 'Spa 酒店']^['htl', 'ac', 'other']
43349778^鹽城淘淘mami公寓(2號店)^['鹽城', '淘淘mami', '公寓']^['city', 'htl', 'ac']
1583260^楠迪魔蠍座國際酒店^['楠迪魔蠍座', '國際酒店']^['htl', 'ac']
1574775^曼迪威樂酒店^['曼迪威樂', '酒店']^['htl', 'ac']
703328^西村屋本館^['西村屋本館']^['htl']
718602^多特蒙德中央火車站獨特酒店^['多特蒙德中央火車站', '獨特', '酒店']^['poi', 'htl', 'ac']
30894769^瑞麗曼景來民宿客棧^['瑞麗', '曼景來', '民宿客棧']^['city', 'htl', 'ac']
52940189^海心亮公寓(龍口3號店)^['海心亮', '公寓', '龍口']^['htl', 'ac', 'city']
6164890^瓜拉尼亞松森酒店^['瓜拉尼亞松森', '酒店']^['htl', 'ac']
963550^南國連鎖酒店(深圳快捷店)^['南國', '連鎖酒店', '深圳']^['htl', 'ac', 'city']
5304296^閑暇空間連鎖客棧(仙女山分店)^['閑暇空間連鎖', '客棧']^['htl', 'ac']
10172958^羅皮克 阿里克民宿^['羅皮克 阿里克', '民宿']^['htl', 'ac']
13870703^北鄉溫泉 美人之湯 丸新莊^['北鄉溫泉 美人之湯 丸新莊']^['htl']
14213841^譽祥賓館(哈爾濱太平機場店)^['譽祥', '賓館', '哈爾濱']^['htl', 'ac', 'city']
4968555^吉丁斯6號汽車旅館^['吉丁斯', '6號', '汽車旅館']^['city', 'htl', 'ac']
45764050^可可李子休憩北藏身處 1 號酒店^['可可李子休憩北藏身處 1 號', '酒店']^['htl', 'ac']
6281364^阿波羅太陽之路公寓酒店^['阿波羅太陽之路', '公寓酒店']^['htl', 'ac']
2106579^太湖龍山宮賓館^['太湖', '龍山宮', '賓館']^['city', 'htl', 'ac']
713510^巴黎酒店^['巴黎', '酒店']^['htl', 'ac']
733184^珀斯貿風酒店^['珀斯', '貿風', '酒店']^['city', 'htl', 'ac']
3723591^羅馬生態套房酒店^['羅馬', '生態套房', '酒店']^['city', 'htl', 'ac']
14184388^馬六甲斯坦茲旅館^['馬六甲', '斯坦茲', '旅館']^['city', 'htl', 'ac']
2919632^速8森特維爾里士滿酒店^['速8', '森特維爾里士滿', '酒店']^['brand', 'htl', 'ac']
9842249^安比恩特阿羅馬Spa酒店^['安比恩特阿羅馬Spa', '酒店']^['htl', 'ac']
717740^巴黎埃克斯全景酒店^['巴黎', '埃克斯全景', '酒店']^['city', 'htl', 'ac']
11874561^歐諾莫科納克里酒店^['歐諾莫科納克里', '酒店']^['htl', 'ac']
743488^鷹巢酒店^['鷹巢', '酒店']^['htl', 'ac']
3484618^卡騰貝畫廊酒店^['卡騰貝畫廊', '酒店']^['htl', 'ac']
52121589^艾斯卡巴赫宮 SPA 酒店^['艾斯卡巴赫宮 SPA', '酒店']^['htl', 'ac']
48017490^巴迪吉斯小屋酒店^['巴迪吉斯小屋', '酒店']^['htl', 'ac']
9834029^希徹勒阿爾特酒店^['希徹勒阿爾特', '酒店']^['htl', 'ac']
3449931^阿比讓諾富特酒店^['阿比讓', '諾富特', '酒店']^['city', 'brand', 'ac']
805920^江油賓館^['江油', '賓館']^['city', 'ac']
51741192^錫林郭勒盟壹鳴公寓^['錫林郭勒盟', '壹鳴', '公寓']^['city', 'htl', 'ac']
2143970^閬中東苑賓館^['閬中', '東苑', '賓館']^['city', 'htl', 'ac']
47340562^精準 44384 號阿米特酒店^['精準 44384 號阿米特', '酒店']^['htl', 'ac']
3460109^班加羅爾懷特菲爾德國際智選假日酒店^['班加羅爾', '懷特菲爾德國際智選', '假日酒店']^['city', 'htl', 'ac']
10721920^卡林加瑟卡爾酒店^['卡林加瑟卡爾', '酒店']^['htl', 'ac']
30943600^巴塘格桑印象酒店^['巴塘', '格桑印象', '酒店']^['city', 'htl', 'ac']
10002981^伊頓聯排別墅酒店^['伊頓', '聯排別墅', '酒店']^['htl', 'ac', 'other']
5208245^淶源藺家客棧^['淶源', '藺家', '客棧']^['city', 'htl', 'ac']
1294018^理縣嘉絨爾瑪賓館^['理縣', '嘉絨爾瑪', '賓館']^['city', 'htl', 'ac']
703075^城市時代酒店^['城市時代', '酒店']^['htl', 'ac']
21876794^水濱酒店及餐酒館^['水濱', '酒店', '及餐酒館']^['htl', 'ac', 'other']
3666922^葛登豪斯旅館^['葛登豪斯', '旅館']^['htl', 'ac']
4380191^德貝爾吉克餐廳酒店^['德貝爾吉克餐廳', '酒店']^['htl', 'ac']
6812111^西雙版納農墾科技培訓中心賓館^['西雙版納', '農墾科技培訓中心', '賓館']^['city', 'htl', 'ac']
13682145^泰國蘭花別墅^['泰國蘭花', '別墅']^['htl', 'ac']
9421816^拉米亞卡薩普爾圖蒂酒店^['拉米亞卡薩普爾圖蒂', '酒店']^['htl', 'ac']
13750052^芭東甲板現代度假村^['芭東甲板現代', '度假村']^['htl', 'ac']
7191630^弗洛德黑尼公園酒店^['弗洛德黑尼公園', '酒店']^['htl', 'ac']
1961253^蘭歐酒店(鹽城大豐永泰店)^['蘭歐', '酒店', '鹽城', '大豐']^['htl', 'ac', 'city', 'poi']
2907472^斯戴酒店^['斯戴', '酒店']^['htl', 'ac']
9236765^第比利斯米亞住宿加早餐旅館^['第比利斯', '米亞住宿加早餐', '旅館']^['city', 'htl', 'ac']
669313^重慶錦綉城智選假日酒店^['重慶', '錦綉城智選', '假日酒店']^['city', 'htl', 'ac']
2126847^貝斯特韋斯特優質自由套房酒店^['貝斯特韋斯特優質自由套房', '酒店']^['htl', 'ac']
53878367^山邊凱羅斯酒店^['山邊凱羅斯', '酒店']^['htl', 'ac']
21768927^克納裏酒店^['克納裏', '酒店']^['htl', 'ac']
10564874^芽莊仁中南半島酒店^['芽莊', '仁中南', '半島', '酒店']^['city', 'htl', 'brand', 'ac']
56621250^昆明譯·美居三居特色民宿^['昆明', '譯·美居三居', '特色民宿']^['city', 'htl', 'ac']
22151422^風暴山丘酒店^['風暴山丘', '酒店']^['htl', 'ac']
1773500^家心怡酒店(重慶大龍山地鐵站店)^['家心怡', '酒店', '重慶', '大龍山']^['htl', 'ac', 'city', 'poi']
5470583^蘇梅島帕那刻亞度假酒店^['蘇梅島', '帕那刻亞', '度假酒店']^['city', 'htl', 'ac']
5028411^快樂之家旅館^['快樂之家', '旅館']^['htl', 'ac']
1219196^額濟納旗雲濤公寓^['額濟納旗', '雲濤', '公寓']^['city', 'htl', 'ac']
2232299^羅克漢普頓酒店式公寓^['羅克漢普頓', '酒店式公寓']^['city', 'ac']
53995845^瑞特莫海灘青年旅舍和酒吧^['瑞特莫海灘', '青年旅舍', '和酒吧']^['htl', 'ac', 'other']
57013189^汕尾NICE 公寓(12號店)^['汕尾', 'NICE', '公寓']^['city', 'htl', 'ac']
23743725^黃平佰合大酒店^['黃平', '佰合', '大酒店']^['city', 'htl', 'ac']
68101337^田國際酒店公館^['田', '國際酒店', '公館']^['htl', 'ac', 'other']
5917731^恩里科酒店^['恩里科', '酒店']^['htl', 'ac']
1489031^宮津茶録別館酒店^['宮津茶録別館', '酒店']^['htl', 'ac']
56568222^蘭花天堂之家酒店 OPV415^['蘭花天堂之家', '酒店', 'OPV415']^['htl', 'ac', 'other']
4357075^信天翁堡壘薩赫哈席施酒店^['信天翁堡壘薩赫哈席施', '酒店']^['htl', 'ac']
42510473^長沙37 2度遇見愛情公寓^['長沙', '37 2度遇見', '愛情公寓']^['city', 'htl', 'ac']
11110546^舒適莫納酒店^['舒適莫納', '酒店']^['htl', 'ac']
3109500^紗勒維爾小屋酒店^['紗勒維爾小屋', '酒店']^['htl', 'ac']
47952122^成都JOJOHOUSE公寓(觀景路一段分店)^['成都', 'JOJOHOUSE', '公寓']^['city', 'htl', 'ac']
9425894^萊納德瑪旅館^['萊納德瑪', '旅館']^['htl', 'ac']
10999734^本耶胡達喬納森酒店^['本耶胡達喬納森', '酒店']^['htl', 'ac']
8991652^西德斯克羅斯餐廳酒店^['西德斯克羅斯餐廳', '酒店']^['htl', 'ac']
22780074^馬華酒店^['馬華', '酒店']^['htl', 'ac']
22087603^扶安拜約山半島旅館^['扶安拜約山', '半島', '旅館']^['htl', 'brand', 'ac']
2226092^芝加哥奧黑爾萬麗套房酒店^['芝加哥', '奧黑爾萬麗套房', '酒店']^['city', 'htl', 'ac']
739936^黃金海岸龐博拉度假酒店^['黃金海岸', '龐博拉', '度假酒店']^['city', 'htl', 'ac']
36069940^OYO 29415 藍海酒店^['OYO 29415 藍海', '酒店']^['htl', 'ac']
13679883^秋葉原 安德青年旅舍^['秋葉原', '安德', '青年旅舍']^['poi', 'htl', 'ac']
2949950^沙欣萊爾布瑜卡酒店^['沙欣萊爾布瑜卡', '酒店']^['htl', 'ac']
455384^雲廷酒店(深圳東門店)^['雲廷', '酒店', '深圳']^['htl', 'ac', 'city']
10819711^蓋洛普萬豪唐普雷斯套房酒店^['蓋洛普', '萬豪', '唐普雷斯套房', '酒店']^['city', 'brand', 'htl', 'ac']
2546945^坤子布魯塞爾大廣場酒店^['坤子布魯塞爾大廣場', '酒店']^['htl', 'ac']
50280526^宜必思尚品酒店(溫州機場店)^['宜必思尚品', '酒店']^['brand', 'ac']
2125314^貝斯特韋斯特米申酒店^['貝斯特韋斯特米申', '酒店']^['htl', 'ac']
818917^如家派柏·雲酒店(中山三鄉店)^['如家', '派柏·雲', '酒店', '中山']^['brand', 'htl', 'ac', 'city']
996325^吳哥安納塔拉度假酒店^['吳哥', '安納塔拉', '度假酒店']^['htl', 'brand', 'ac']
10566166^濱海宮殿酒店^['濱海宮殿', '酒店']^['htl', 'ac']
11471960^比薩里亞加斯特茲密爾達貝尼酒店^['比薩里亞加斯特茲密爾達貝尼', '酒店']^['htl', 'ac']
15926039^科靈加貝斯特韋斯特優質酒店^['科靈加', '貝斯特韋斯特優質', '酒店']^['city', 'htl', 'ac']
3643828^基茨比厄爾大特洛里亞希爾頓格芮精選酒店^['基茨比厄爾', '大特洛里亞希爾頓格芮', '精選', '酒店']^['city', 'htl', 'brand', 'ac']
3484512^哈特酒店^['哈特', '酒店']^['htl', 'ac']
10030614^阿賓傑旅館^['阿賓傑', '旅館']^['htl', 'ac']
6635537^達文西公寓式酒店^['達文西', '公寓式酒店']^['htl', 'ac']
3044926^亞塞明酒店^['亞塞明', '酒店']^['htl', 'ac']
29202362^長沙縣興建賓館^['長沙縣', '興建', '賓館']^['city', 'htl', 'ac']
5468882^白星別墅酒店^['白星', '別墅酒店']^['htl', 'ac']
10722878^坎布勞之家旅遊公寓^['坎布勞之家旅遊', '公寓']^['htl', 'ac']
28518886^重慶渲逸農家樂^['重慶', '渲逸', '農家樂']^['city', 'htl', 'ac']
6608331^昆明長水機場萬金安酒店^['昆明', '長水機場萬金安', '酒店']^['city', 'htl', 'ac']
979276^如家酒店·neo(濰坊文化路日報社店)^['如家', '酒店', '·neo', '濰坊']^['brand', 'ac', 'other', 'city']
9993152^洛巴赫公寓^['洛巴赫', '公寓']^['htl', 'ac']
2526932^凱隆套房酒店^['凱隆套房', '酒店']^['htl', 'ac']
44487309^全季酒店(濟南趵突泉北門店)^['全季', '酒店', '濟南']^['brand', 'ac', 'city']
3042619^布萊克斯特里姆酒店^['布萊克斯特里姆', '酒店']^['htl', 'ac']
24738503^瑪蒂鄉村家庭旅館^['瑪蒂鄉村', '家庭旅館']^['htl', 'ac']
3106572^坦普爾酒店^['坦普爾', '酒店']^['htl', 'ac']
1935849^北海松花江賓館^['北海', '松花江', '賓館']^['city', 'htl', 'ac']
16113139^明蘭酒店(紹興銀座國際公館店)^['明蘭', '酒店', '紹興', '銀座']^['htl', 'ac', 'city', 'brand']
23075779^波爾圖海灘II^['波爾圖海灘II']^['htl']
1699877^嘉善綠城賓館^['嘉善', '綠城', '賓館']^['city', 'htl', 'ac']
436639^九寨溝老城故事主題客棧^['九寨溝', '老城故事主題', '客棧']^['city', 'htl', 'ac']
4838751^營口天藝商務賓館^['營口', '天藝', '商務賓館']^['city', 'htl', 'ac']
9021500^海灣公園65 2^['海灣公園65 2']^['htl']
26430441^維也納3好酒店(彭陽浙商國際店)^['維也納3好', '酒店', '彭陽']^['brand', 'ac', 'city']
3110638^大使酒店^['大使', '酒店']^['htl', 'ac']
45818078^塞爾彭 2 居大西方公寓酒店^['塞爾彭 2 居大西方', '公寓酒店']^['htl', 'ac']
714835^巴黎快樂文化塞萬提斯酒店^['巴黎', '快樂文化塞萬提斯', '酒店']^['city', 'htl', 'ac']
1118680^華鎣金鳳凰旅館^['華鎣', '金鳳凰', '旅館']^['city', 'htl', 'ac']
1481465^墾丁加利利民宿^['墾丁', '加利利', '民宿']^['poi', 'htl', 'ac']
16051101^歐里根克隆特酒店^['歐里根克隆特', '酒店']^['htl', 'ac']
22209147^帕羅套房酒店^['帕羅套房', '酒店']^['htl', 'ac']
45810848^娛樂中心薩姆巴施霍夫酒店^['娛樂中心薩姆巴施霍夫', '酒店']^['htl', 'ac']
9952480^聖馬丁度假村^['聖馬丁', '度假村']^['htl', 'ac']
9971529^皇家阿傑梅爾酒店^['皇家阿傑梅爾', '酒店']^['htl', 'ac']
55702772^惠州悠遊溫泉泳池別墅(碧桂園南昆大觀店)^['惠州', '悠遊溫泉泳池', '別墅', '碧桂園']^['city', 'htl', 'ac', 'brand']
6800717^齊齊哈爾夢尋旅館^['齊齊哈爾', '夢尋', '旅館']^['city', 'htl', 'ac']
21865296^紅木汽車旅館^['紅木', '汽車旅館']^['htl', 'ac']
22800043^阿羅馬酒店^['阿羅馬', '酒店']^['htl', 'ac']
42122317^綏中望海民居民宿^['綏中', '望海民居', '民宿']^['city', 'htl', 'ac']
3122275^白貓派對酒店^['白貓派對', '酒店']^['htl', 'ac']
9400217^皮薩克阿爾帕瓦西旅館^['皮薩克', '阿爾帕瓦西', '旅館']^['city', 'htl', 'ac']
13319631^潿洲島艾琳海景酒店^['潿洲島', '艾琳海景', '酒店']^['poi', 'htl', 'ac']
2862483^米加尼桑塔斯酒店^['米加尼桑塔斯', '酒店']^['htl', 'ac']
3727678^都諾麗酒店 定製酒店^['都諾麗酒店 定製', '酒店']^['htl', 'ac']
1947898^蒙東酒店^['蒙東', '酒店']^['htl', 'ac']
7624575^吉隆坡酒店^['吉隆坡', '酒店']^['htl', 'ac']
45880584^中山661短租民宿(2號店)^['中山', '661短租', '民宿']^['city', 'htl', 'ac']
23837447^陽光酒店^['陽光', '酒店']^['htl', 'ac']
2564640^裏貝雷康賽普特飯店^['裏貝雷康賽普特', '飯店']^['htl', 'ac']
11107990^格拉塔M84公寓式酒店^['格拉塔M84', '公寓式酒店']^['htl', 'ac']
705920^淡路夢泉景^['淡路夢泉景']^['htl']
9912419^特爾斯達酒店^['特爾斯達', '酒店']^['htl', 'ac']
22097694^尼烏伊拉家庭旅館^['尼烏伊拉', '家庭旅館']^['htl', 'ac']
23061120^小徑小屋酒店^['小徑小屋', '酒店']^['htl', 'ac']
42187596^成都慢·悅公寓^['成都', '慢·悅', '公寓']^['city', 'htl', 'ac']
25307329^沽源山間隱客棧^['沽源', '山間隱', '客棧']^['city', 'htl', 'ac']
21853014^伊斯坦堡溫泉酒店^['伊斯坦堡', '溫泉', '酒店']^['city', 'htl', 'ac']
46154003^5 班德斯酒店^['5 班德斯', '酒店']^['htl', 'ac']
8989247^它卡門酒店^['它卡門', '酒店']^['htl', 'ac']
10105902^井岡山五指峯大酒店^['井岡山', '五指峯', '大酒店']^['city', 'poi', 'ac']
715278^瓦利斯酒店^['瓦利斯', '酒店']^['htl', 'ac']
9861023^奧伯格恰爾米特斯酒店^['奧伯格恰爾米特斯', '酒店']^['htl', 'ac']
55150097^貴陽蘭竹公寓^['貴陽', '蘭竹', '公寓']^['city', 'htl', 'ac']
45759860^菲沃米爾 Whv 酒店^['菲沃米爾 Whv', '酒店']^['htl', 'ac']
21876388^海灘之家民宿^['海灘之家', '民宿']^['htl', 'ac']
54733827^成都曾77愛生活公寓^['成都', '曾77愛生活', '公寓']^['city', 'htl', 'ac']
2507443^鄉城藏鄉田園大酒店^['鄉城', '藏鄉田園', '大酒店']^['city', 'htl', 'ac']
17499564^邊緣湖海灘俱樂部^['邊緣湖海灘俱樂部']^['htl']
8594346^煙台金滙假日酒店^['煙台', '金滙', '假日酒店']^['city', 'htl', 'ac']
13904317^武夷山恆友名宿客棧^['武夷山', '恆友名宿', '客棧']^['city', 'htl', 'ac']
3031480^日惹康瑞佳別墅 Spa 酒店^['日惹康瑞佳別墅 Spa', '酒店']^['htl', 'ac']
25684853^蘇馬斯山中小屋酒店^['蘇馬斯', '山中小屋', '酒店']^['city', 'htl', 'ac']
3152876^格奧維宜諾灣酒店^['格奧維宜諾灣', '酒店']^['htl', 'ac']
9689103^阿爾特西米德度假屋^['阿爾特西米德', '度假屋']^['htl', 'ac']
47991074^席德拉精品飯店^['席德拉', '精品飯店']^['htl', 'ac']
28484748^鹽城雲滙酒店^['鹽城', '雲滙', '酒店']^['city', 'htl', 'ac']
773143^新罕布殊爾州海得拉巴廣場酒店^['新罕布殊爾州海得拉巴廣場', '酒店']^['htl', 'ac']
2887333^大學舒適全套房酒店^['大學舒適全套房', '酒店']^['htl', 'ac']
11068675^阿爾特施米德酒店^['阿爾特施米德', '酒店']^['htl', 'ac']
8020596^大理古城花跡灣主題精品酒店^['大理古城', '花跡灣主題', '精品酒店']^['poi', 'htl', 'ac']
3147484^巴比倫酒店^['巴比倫', '酒店']^['htl', 'ac']
6844763^仁化常來客棧^['仁化', '常來', '客棧']^['city', 'htl', 'ac']
1500906^賀州金鼎時尚酒店^['賀州', '金鼎', '時尚酒店']^['city', 'htl', 'ac']
759601^加斯佩林波欣酒店^['加斯佩林波欣', '酒店']^['htl', 'ac']
9225566^迪迪青年旅舍旅館^['迪迪', '青年旅舍', '旅館']^['htl', 'ac', 'other']
1625573^安曼凱賓斯基酒店^['安曼', '凱賓斯基', '酒店']^['city', 'brand', 'ac']
737286^匹克尼克灣熱帶棕櫚樹度假酒店^['匹克尼克灣', '熱帶棕櫚樹', '度假酒店']^['city', 'htl', 'ac']
9512149^馬拉喀什奧利瓦公寓酒店^['馬拉喀什', '奧利瓦', '公寓酒店']^['city', 'htl', 'ac']
2245549^馬里奧特丹佛技術中心 南部費爾菲爾德旅館及套房酒店^['馬里奧特丹佛技術中心 南部費爾菲爾德旅館及套房', '酒店']^['htl', 'ac']
3101416^拉卡斯塔農家樂^['拉卡斯塔', '農家樂']^['htl', 'ac']
3032323^洛普森猴麪包樹度假酒店^['洛普森猴麪包樹', '度假酒店']^['htl', 'ac']
3792432^驛馬汽車旅館^['驛馬', '汽車旅館']^['htl', 'ac']
23970759^日晷小屋酒店^['日晷小屋', '酒店']^['htl', 'ac']
12392097^三葉草丁宜露台度假屋^['三葉草丁宜露台', '度假屋']^['htl', 'ac']
56633000^貓空^['貓空']^['htl']
3042668^馬賽瑪瑪謝爾特公寓式酒店^['馬賽', '瑪瑪謝爾特', '公寓式酒店']^['city', 'brand', 'ac']
3060772^泰勒美國旅館 套房酒店^['泰勒', '美國旅館 套房', '酒店']^['city', 'htl', 'ac']
3730484^埃斯康迪酒店 僅限成人入住^['埃斯康迪', '酒店', '僅限成人入住']^['htl', 'ac', 'other']
36456242^龍門好客溫泉公寓^['龍門', '好客溫泉', '公寓']^['city', 'htl', 'ac']
2290896^杜拜市中心葳達酒店^['杜拜', '市中心葳達', '酒店']^['city', 'htl', 'ac']
23778602^海洋景觀 14A 酒店^['海洋景觀 14A', '酒店']^['htl', 'ac']
3041960^拉雅莉娜瀑布度假村^['拉雅莉娜瀑布', '度假村']^['htl', 'ac']
22102589^法爾西迪希爾 5 號農場小屋酒店^['法爾西迪希爾 5 號農場小屋', '酒店']^['htl', 'ac']
22152751^原州蒙瑪奇歐療愈休閑公園酒店^['原州蒙瑪奇歐療愈休閑公園', '酒店']^['htl', 'ac']
28095984^贛州橙晟公寓式酒店^['贛州', '橙晟', '公寓式酒店']^['city', 'htl', 'ac']
3145939^薩爾德瑞餐廳酒店^['薩爾德瑞餐廳', '酒店']^['htl', 'ac']
10553850^鎮中牀旅館^['鎮中牀', '旅館']^['htl', 'ac']
67088311^劍川金華和居客棧^['劍川', '金華和居', '客棧']^['city', 'htl', 'ac']
762684^翡翠服務公寓式酒店^['翡翠服務', '公寓式酒店']^['htl', 'ac']
2564140^三藩市聯合廣場酒店^['三藩市', '聯合廣場', '酒店']^['city', 'poi', 'ac']
9838995^博爾達阿佐蘭公寓^['博爾達阿佐蘭', '公寓']^['htl', 'ac']
2198482^三江大酒店^['三江', '大酒店']^['htl', 'ac']
701430^安臣精品酒店^['安臣', '精品酒店']^['htl', 'ac']
21856156^阿里亞精品酒店^['阿里亞', '精品酒店']^['htl', 'ac']
45883283^澤爾威姆公寓酒店^['澤爾威姆', '公寓酒店']^['htl', 'ac']
39435591^麗江古城上官樓客棧^['麗江古城', '上官樓', '客棧']^['poi', 'htl', 'ac']
1857474^馬婁洛島度假村^['馬婁洛島', '度假村']^['htl', 'ac']
2232327^巴黎克利希阿德吉奧阿克瑟斯公寓式酒店^['巴黎克利希', '阿德吉奧阿克瑟斯', '公寓式酒店']^['htl', 'brand', 'ac']
1248352^龍巖億豪連鎖酒店^['龍巖', '億豪', '連鎖酒店']^['city', 'htl', 'ac']
2560629^恩格霍姆住宿加早餐旅館^['恩格霍姆住宿加早餐', '旅館']^['htl', 'ac']
10060169^女爵酒店^['女爵', '酒店']^['htl', 'ac']
8581762^賀諾胡克塔託度假村^['賀諾胡克塔託', '度假村']^['htl', 'ac']
9495170^驛站酒店^['驛站', '酒店']^['ac', 'htl']
43135948^利茲·馬卡蒂^['利茲·', '馬卡蒂']^['htl', 'city']
54510702^雞東左岸輕居賓館^['雞東', '左岸輕居', '賓館']^['city', 'htl', 'ac']
15311087^釜山商業酒店江西^['釜山', '商業', '酒店', '江西']^['city', 'htl', 'ac', 'poi']
2098462^杜馬格特海景住宅酒店^['杜馬格特', '海景', '住宅酒店']^['city', 'htl', 'ac']
28705567^南昌同華苑商務賓館^['南昌', '同華苑', '商務賓館']^['city', 'htl', 'ac']
22132558^鵝卵石套房酒店 維克多^['鵝卵石套房', '酒店', '維克多']^['htl', 'ac', 'other']
6180575^深圳京明酒店^['深圳', '京明', '酒店']^['city', 'htl', 'ac']
6208233^紅舍酒店^['紅舍', '酒店']^['htl', 'ac']
1677722^渭南光明大酒店^['渭南', '光明', '大酒店']^['city', 'htl', 'ac']
2385626^貝斯特韋斯特科迪亞克旅館及會議中心^['貝斯特韋斯特科迪亞克', '旅館', '及會議中心']^['htl', 'ac', 'other']
7628247^帕泰瑞格酒店^['帕泰瑞格', '酒店']^['htl', 'ac']
8988667^卡薩費尼奇酒店^['卡薩費尼奇', '酒店']^['htl', 'ac']
685328^潘德名勝賓館^['潘德名勝', '賓館']^['htl', 'ac']
916570^九份九重町客棧^['九份', '九重町', '客棧']^['poi', 'htl', 'ac']
1035824^南靖土樓松旺旅館^['南靖', '土樓松旺', '旅館']^['city', 'htl', 'ac']
2878865^白金酒店^['白金', '酒店']^['htl', 'ac']
2209876^欽州海豚大酒店^['欽州', '海豚', '大酒店']^['city', 'htl', 'ac']
10137067^穆勒漢肯霍夫酒店^['穆勒漢肯霍夫', '酒店']^['htl', 'ac']
2196710^紐約時代廣場宿之橋套房酒店^['紐約', '時代廣場', '宿之橋套房', '酒店']^['city', 'poi', 'htl', 'ac']
16052357^魅力丘埃卡中心酒店^['魅力丘埃卡中心', '酒店']^['htl', 'ac']
6337630^東京池袋書籍和住宿旅館^['東京', '池袋', '書籍和住宿', '旅館']^['city', 'poi', 'htl', 'ac']
9037577^綾別墅^['綾', '別墅']^['htl', 'ac']
10099466^帕安銀河汽車旅館^['帕安', '銀河', '汽車旅館']^['city', 'htl', 'ac']
18410300^尚客優精選酒店(宣城盛世御景店)^['尚客優', '精選', '酒店', '宣城']^['brand', 'htl', 'ac', 'city']
4874217^成都星瑞仁家酒店^['成都', '星瑞仁家', '酒店']^['city', 'htl', 'ac']
35541410^羅西酒店^['羅西', '酒店']^['htl', 'ac']
2703349^亞特里密套房酒店^['亞特里密套房', '酒店']^['htl', 'ac']
3798391^卡羅琳旅館^['卡羅琳', '旅館']^['htl', 'ac']
6549346^巢湖中心商務酒店^['巢湖', '中心', '商務酒店']^['city', 'htl', 'ac']
47007535^西奈爾貝爾維尤套房嶄新開放式公寓客房酒店^['西奈爾貝爾維尤套房嶄新開放式公寓客房', '酒店']^['htl', 'ac']
1628016^七彩假日賓館(德清四店)^['七彩', '假日', '賓館', '德清']^['htl', 'brand', 'ac', 'city']
24140532^英國旅館^['英國', '旅館']^['htl', 'ac']
42921259^渾源恆園客棧^['渾源', '恆園', '客棧']^['city', 'htl', 'ac']
43460815^廣州丁丁的動物星球公寓(5號店)^['廣州', '丁丁的動物星球', '公寓']^['city', 'htl', 'ac']
17446904^陽光巖城酒店^['陽光巖城', '酒店']^['htl', 'ac']
2364023^芝加哥市中心假日 套房酒店^['芝加哥', '市中心假日 套房', '酒店']^['city', 'htl', 'ac']
33391126^Krawiecka 豪華Absynt公寓^['Krawiecka 豪華Absynt', '公寓']^['htl', 'ac']
23603507^瑞德多茲酒店 近卡拉瓦西超級商場 2 號^['瑞德多茲', '酒店', '近卡拉瓦西超級商場 2 號']^['htl', 'ac', 'other']
3684435^卡彭特大街酒店^['卡彭特大街', '酒店']^['htl', 'ac']
3032865^科斯塔巴倫生活公寓^['科斯塔巴倫生活', '公寓']^['htl', 'ac']
21875764^近冬宮廣場河流城市酒店^['近冬宮廣場河流城市', '酒店']^['htl', 'ac']
9671579^OYO 26817 Gks 住宅酒店^['OYO 26817 Gks', '住宅酒店']^['htl', 'ac']
430159^南京玄武蘇寧諾富特酒店^['南京', '玄武', '蘇寧', '諾富特', '酒店']^['city', 'poi', 'htl', 'brand', 'ac']
41616314^玉溪玉溪清禾公寓^['玉溪', '玉溪', '清禾', '公寓']^['city', 'city', 'htl', 'ac']
22803010^納什電子城酒店^['納什電子城', '酒店']^['htl', 'ac']
926126^文山華錫酒店^['文山', '華錫', '酒店']^['city', 'htl', 'ac']
2700157^三清山月亮灣^['三清山月亮灣']^['htl']
50613863^長沙棲逅酒店^['長沙', '棲逅', '酒店']^['city', 'htl', 'ac']
17913589^我們的時光民宿(霞浦北岐灘塗店)^['我們的時光', '民宿', '霞浦', '北岐灘塗']^['htl', 'ac', 'city', 'poi']
6544747^西基尼綠色阿利亞酒店^['西基尼綠色阿利亞', '酒店']^['htl', 'ac']
50486217^金華浙江省東陽市銀泰城1幢樓公寓^['金華', '浙江省東陽市銀泰城1幢樓', '公寓']^['city', 'htl', 'ac']
6511339^蘇拉假日利基酒店^['蘇拉假日利基', '酒店']^['htl', 'ac']
9888987^斯特拉提酒店^['斯特拉提', '酒店']^['htl', 'ac']
9810943^雅集酒店^['雅集', '酒店']^['htl', 'ac']
9298870^木禾託諾賓館^['木禾託諾', '賓館']^['htl', 'ac']
2252220^昭通水怡大酒店^['昭通', '水怡', '大酒店']^['city', 'htl', 'ac']
2073532^黑爾洛姆旅館^['黑爾洛姆', '旅館']^['htl', 'ac']
3728805^薩拉酒店^['薩拉', '酒店']^['htl', 'ac']
17506456^格瓦斯別墅^['格瓦斯', '別墅']^['htl', 'ac']
21849245^卡爾斯艾絲琳酒店^['卡爾斯艾絲琳', '酒店']^['htl', 'ac']
818470^廣州校園價公寓^['廣州', '校園價', '公寓']^['city', 'htl', 'ac']
2907246^凱悅嘉軒克利夫蘭獨立酒店^['凱悅嘉軒', '克利夫蘭獨立', '酒店']^['brand', 'htl', 'ac']
17503986^希達巴·塞提夫酒店^['希達巴·塞提夫', '酒店']^['htl', 'ac']
21828495^VNA 度假村^['VNA', '度假村']^['htl', 'ac']
3726664^西摩莫頓酒店^['西摩莫頓', '酒店']^['htl', 'ac']
22892872^卡塔拉克沙姆度假村^['卡塔拉克沙姆', '度假村']^['htl', 'ac']
7596241^拷山莫雷旅舍^['拷山莫雷', '旅舍']^['htl', 'ac']
57688787^普拉卡上街中央舒適公寓酒店^['普拉卡', '上街中央舒適', '公寓酒店']^['poi', 'htl', 'ac']
11539643^綠色度假屋德國被動式房屋酒店^['綠色', '度假屋', '德國被動式房屋酒店']^['htl', 'ac', 'other']
2509529^斯洛茨帕肯索恩酒店^['斯洛茨帕肯', '索恩', '酒店']^['htl', 'brand', 'ac']
19678223^奧貝奇酒店^['奧貝奇', '酒店']^['htl', 'ac']
10520783^亞特蘭大肯納瑟希爾頓歡朋酒店^['亞特蘭大肯納瑟希爾頓歡朋', '酒店']^['htl', 'ac']
2870103^安全港度假村及水療中心 溫德姆商標精選酒店^['安全港', '度假村', '及水療中心 溫德姆商標精選酒店']^['htl', 'ac', 'other']
2887519^託納旺達戴斯酒店^['託納旺達', '戴斯', '酒店']^['city', 'brand', 'ac']
2917973^海旁小屋酒店^['海旁小屋', '酒店']^['htl', 'ac']
4600789^卡頓汽車旅館^['卡頓', '汽車旅館']^['htl', 'ac']
68073706^縉雲登樓看山酒店^['縉雲', '登樓看山', '酒店']^['city', 'htl', 'ac']
1069646^修武華溪快捷酒店^['修武', '華溪', '快捷酒店']^['city', 'htl', 'ac']
7028007^藤田家旅館^['藤田', '家', '旅館']^['brand', 'htl', 'ac']
10725198^奎爾格蘭奇區域酒店^['奎爾格蘭奇區域', '酒店']^['htl', 'ac']
45834695^住海邊民宿^['住海邊', '民宿']^['htl', 'ac']
3924738^卡梅爾公寓^['卡梅爾', '公寓']^['htl', 'ac']
1598489^7天酒店(深圳科技園地鐵站萬象天地店)^['7天', '酒店', '深圳', '科技園']^['brand', 'ac', 'city', 'poi']
3681073^阿曼多餐廳酒店^['阿曼多餐廳', '酒店']^['htl', 'ac']
10996194^華欣班聖巖公寓^['華欣', '班聖巖', '公寓']^['poi', 'htl', 'ac']
2926555^希博伊根伊克諾旅館^['希博伊根伊克諾', '旅館']^['htl', 'ac']
6474814^唐山中心智選假日酒店^['唐山', '中心智選', '假日酒店']^['city', 'htl', 'ac']
42201654^重慶透明海洋公寓^['重慶', '透明海洋', '公寓']^['city', 'htl', 'ac']
1622716^樂途居客棧(香格里拉廣東會所店)^['樂途居', '客棧', '香格里拉']^['htl', 'ac', 'city']
9129459^聖保羅丹格拉宮酒店 歐特家酒店系列^['聖保羅', '丹格拉宮酒店 歐特家', '酒店', '系列']^['city', 'htl', 'ac', 'other']
3928081^里亞德達納克斯庭院旅館^['里亞德達納克斯庭院', '旅館']^['htl', 'ac']
2645501^羅馬裏帕酒店^['羅馬', '裏帕', '酒店']^['city', 'htl', 'ac']
46948570^達爾文青年旅舍^['達爾文', '青年旅舍']^['city', 'ac']
6435215^全季酒店(合肥火車南站店)^['全季', '酒店', '合肥']^['brand', 'ac', 'city']
22118392^美吉旅舍^['美吉', '旅舍']^['htl', 'ac']
9836615^祖爾索尼酒店^['祖爾索尼', '酒店']^['htl', 'ac']
7185589^溫哥華酒店^['溫哥華', '酒店']^['htl', 'ac']
20614986^新加坡1887酒店(Staycation Approved)^['新加坡', '188', '7', '酒店']^['city', 'brand', 'htl', 'ac']
45704591^農民宮酒店^['農民宮', '酒店']^['htl', 'ac']
1486300^阿馬里斯坦林市酒店^['阿馬里斯坦林市', '酒店']^['htl', 'ac']
25926172^曼谷班萬圖公寓^['曼谷', '班萬圖', '公寓']^['city', 'htl', 'ac']
2551498^美國長住酒店 休斯頓 廣場 住宅區^['美國長住', '酒店', '休斯頓', '廣場 住宅區']^['htl', 'ac', 'city', 'other']
57037251^日本小築立川402^['日本小築立川402']^['htl']
62337368^嘉興南舍公寓^['嘉興', '南舍', '公寓']^['city', 'htl', 'ac']
3682644^地中海酒店^['地中海', '酒店']^['htl', 'ac']
7071416^皇家公寓酒店^['皇家', '公寓酒店']^['htl', 'ac']
700946^彩虹精品酒店^['彩虹', '精品酒店']^['htl', 'ac']
1485631^包頭裕泰賓館^['包頭', '裕泰', '賓館']^['city', 'htl', 'ac']
63137905^卡瓦納華特斯陽光海岸美居酒店^['卡瓦納華特斯陽光海岸', '美居', '酒店']^['htl', 'brand', 'ac']
4826879^都安大酒店^['都安', '大酒店']^['city', 'ac']
2550010^威尼斯花園酒店^['威尼斯', '花園酒店']^['htl', 'ac']
2496709^杜拜諾加姆公寓式酒店^['杜拜', '諾加姆', '公寓式酒店']^['city', 'htl', 'ac']
3107575^平徹溪遺產酒店及會議中心^['平徹溪', '遺產', '酒店', '及會議中心']^['city', 'htl', 'ac', 'other']
2488782^黃山雲縑·墨香居^['黃山', '雲縑·墨香居']^['city', 'htl']
2929999^薩默維爾 查爾斯頓舒適全套房酒店^['薩默維爾', '查爾斯頓舒適全套房', '酒店']^['city', 'htl', 'ac']
6283376^艾登公寓^['艾登', '公寓']^['htl', 'ac']
25626384^卡佩斯特雷馬雷加朗特精彩海景一居公寓酒店 附設備完善花園及無網上網 離海灘 4 公里^['卡佩斯特雷馬雷加朗特精彩海景一居', '公寓酒店', '附設備完善花園及無網上網 離海灘 4 公里']^['htl', 'ac', 'other']
9862316^波薩達希破破塔姆斯酒店^['波薩達希破破塔姆斯', '酒店']^['htl', 'ac']
2098569^昆明東瑞商務酒店^['昆明', '東瑞', '商務酒店']^['city', 'htl', 'ac']
48565831^太原如賓酒店^['太原', '如賓', '酒店']^['city', 'htl', 'ac']
3725634^費爾葛蘭斯酒店^['費爾葛蘭斯', '酒店']^['htl', 'ac']
773811^薩芭麗品質酒店^['薩芭麗品質', '酒店']^['htl', 'ac']
9919222^賽麗娜阿雷基帕酒店^['賽麗娜阿雷基帕', '酒店']^['htl', 'ac']
6229324^清隱民宿(安吉店)^['清隱', '民宿', '安吉']^['htl', 'ac', 'city']
3157783^湯澤羅伊爾酒店^['湯澤羅伊爾', '酒店']^['htl', 'ac']
2889845^劉易斯維爾紅屋頂酒店^['劉易斯維爾紅屋頂', '酒店']^['htl', 'ac']
10563069^里昂閣樓公寓酒店^['里昂閣樓', '公寓酒店']^['htl', 'ac']
2907065^哥倫布費爾菲爾德賓館^['哥倫布', '費爾菲爾德', '賓館']^['city', 'htl', 'ac']
6275852^斯特拉公寓^['斯特拉', '公寓']^['htl', 'ac']
22989440^希欽市中心普瑞米爾酒店^['希欽', '市中心普瑞米爾', '酒店']^['city', 'htl', 'ac']
6000821^海公園度假公寓(惠東灣好客管理店)^['海公園', '度假公寓', '惠東']^['htl', 'ac', 'city']
45813663^布魯克斯露營酒店^['布魯克斯露營', '酒店']^['htl', 'ac']
3109044^韋斯特蓋特大廈度假村^['韋斯特蓋特大廈', '度假村']^['htl', 'ac']
2100356^怡萊連鎖酒店(商洛萬達廣場君誠店)^['怡萊', '連鎖酒店', '商洛', '萬達']^['brand', 'ac', 'city', 'brand']
1470178^大西洋萬象酒店^['大西洋萬象', '酒店']^['htl', 'ac']
36263522^大連笑看風雲淡公寓^['大連', '笑看風雲淡', '公寓']^['city', 'htl', 'ac']
47423460^OYO 44088 谷景酒店^['OYO 44088 谷景', '酒店']^['htl', 'ac']
2221143^諾克斯維爾 東萬豪費爾菲爾德酒店^['諾克斯維爾', '東萬豪費爾菲爾德', '酒店']^['city', 'htl', 'ac']
15113058^莫希家庭旅館^['莫希', '家庭旅館']^['htl', 'ac']
8990972^貝拉維斯塔小屋^['貝拉維斯塔', '小屋']^['htl', 'ac']
2282982^巽寮灣海尚灣畔度假公寓(惠東金海灣店)^['巽寮灣', '海尚灣畔', '度假公寓', '惠東']^['poi', 'htl', 'ac', 'city']
66769709^荔波有舍·朽藝客棧^['荔波', '有舍·朽藝', '客棧']^['city', 'htl', 'ac']
2132472^艾居精品酒店(大石橋火車站店)^['艾居', '精品酒店', '大石橋']^['brand', 'ac', 'city']
35090940^日惹阿米康附近瑞德多茲酒店 2 號^['日惹阿米康附近瑞德多茲', '酒店', '2 號']^['htl', 'ac', 'other']
1006860^紐約範德堡基督教青年旅舍^['紐約', '範德堡基督教', '青年旅舍']^['city', 'htl', 'ac']
22137836^小洛賽埃酒店^['小洛賽埃', '酒店']^['htl', 'ac']
64899573^紅多茲Plus酒店 伊洛伊洛拉耶索特^['紅多茲', 'Plus', '酒店', '伊洛伊洛', '拉耶索特']^['brand', 'htl', 'ac', 'city', 'other']
10982775^洛尼賽拉度假村及水療中心酒店^['洛尼賽拉', '度假村', '及水療中心酒店']^['htl', 'ac', 'other']
8988067^勝田新中央酒店^['勝田新中央', '酒店']^['htl', 'ac']
7777327^遊旅青年旅舍^['遊旅', '青年旅舍']^['htl', 'ac']
46824002^湖北第二師範學院學術交流中心^['湖北第二師範學院學術交流中心']^['htl']
54855810^南昌陳易公寓^['南昌', '陳易', '公寓']^['city', 'htl', 'ac']
2191965^巢湖星光旅社^['巢湖', '星光', '旅社']^['city', 'htl', 'ac']
737112^阿麗斯公寓酒店^['阿麗斯', '公寓酒店']^['htl', 'ac']
9889306^潘波勒旅館酒店^['潘波勒', '旅館', '酒店']^['city', 'htl', 'ac']
43399462^營口漫畫歸家民宿(3號店)^['營口', '漫畫歸家', '民宿']^['city', 'htl', 'ac']
7865195^墾丁美林達渡假會館^['墾丁', '美林達渡假', '會館']^['poi', 'htl', 'ac']
9920992^靈感旅館^['靈感', '旅館']^['htl', 'ac']
17139711^哥打京那巴魯婆羅洲鷹度假村^['哥打京那巴魯婆羅洲鷹', '度假村']^['htl', 'ac']
10553622^奇蹟 馬奧萊夢幻日租套房^['奇蹟 馬奧萊夢幻日租套房']^['htl']
4410215^天泉客棧(永順芙蓉鎮懸崖閣店)^['天泉', '客棧', '永順']^['htl', 'ac', 'city']
10000901^尼爾森爵士酒店^['尼爾森爵士', '酒店']^['htl', 'ac']
9316794^班蘇榮嘉納度假酒店^['班蘇榮嘉納', '度假酒店']^['htl', 'ac']
24136243^屋頂派對旅館 青年旅舍^['屋頂派對旅館', '青年旅舍']^['htl', 'ac']
1595648^普瑞斯特博阿德里亞諾酒店 僅限成人^['普瑞斯特博阿德里亞諾', '酒店', '僅限成人']^['htl', 'ac', 'other']
1563299^索維拉莫加多爾索菲特高爾夫酒店及水療中心^['索維拉', '莫加多爾索菲特高爾夫', '酒店', '及水療中心']^['city', 'htl', 'ac', 'other']
18074149^黃金金考艾 SPA 度假村^['黃金金考艾 SPA', '度假村']^['htl', 'ac']
3738300^瑟拉諾瓦酒店^['瑟拉諾瓦', '酒店']^['htl', 'ac']
10715860^西方氛圍酒店^['西方氛圍', '酒店']^['htl', 'ac']
1554295^重慶橙悅定製酒店^['重慶', '橙悅定製', '酒店']^['city', 'htl', 'ac']
58730156^羅雅頓格林納達度假村及水療中心 全包式^['羅雅頓格林納達', '度假村', '及水療中心 全包式']^['htl', 'ac', 'other']
2233245^雲頂世界 高原酒店^['雲頂世界', '高原', '酒店']^['city', 'htl', 'ac']
42119543^勒迪沃路伊精彩山景開放式公寓酒店 附無網上網 離滑雪坡 140 米^['勒迪沃路伊精彩山景', '開放式公寓酒店', '附無網上網 離滑雪坡 140 米']^['htl', 'ac', 'other']
65109703^紅多茲Plus酒店近上城BGC購物中心^['紅多茲', 'Plus', '酒店', '近上城BGC購物中心']^['brand', 'htl', 'ac', 'other']
9461024^拉帕別墅^['拉帕', '別墅']^['htl', 'ac']
6508752^大手町京王布萊索酒店^['大手町', '京王布萊索', '酒店']^['poi', 'htl', 'ac']
347314^上海新錦江大酒店^['上海', '新', '錦江', '大酒店']^['city', 'htl', 'brand', 'ac']
9866711^佩普爾姆恩鄉村民宿^['佩普爾姆恩鄉村', '民宿']^['htl', 'ac']
2150786^梅斯特安巴夏特利酒店^['梅斯特安巴夏特利', '酒店']^['htl', 'ac']
2151869^內江尚家酒店^['內江', '尚家', '酒店']^['city', 'htl', 'ac']
9869389^克隆瓦爾德步格酒店^['克隆瓦爾德步格', '酒店']^['htl', 'ac']
704103^志摩海灘都度假酒店^['志摩海灘都', '度假酒店']^['htl', 'ac']
8349741^PhupimarnviewD17 公寓^['PhupimarnviewD17', '公寓']^['htl', 'ac']
61931241^OYO 1108 伊布斯酒店^['OYO 1108 伊布斯', '酒店']^['htl', 'ac']
8385126^西桑茲汽車旅館^['西桑茲', '汽車旅館']^['htl', 'ac']
51051366^六盤水相約吧公寓(明湖路分店)^['六盤水', '相約吧', '公寓']^['city', 'htl', 'ac']
3061174^德納姆泉舒適套房酒店^['德納姆泉舒適套房', '酒店']^['htl', 'ac']
760668^羅馬伊颯設計酒店^['羅馬', '伊颯設計', '酒店']^['city', 'htl', 'ac']
4227267^阿什布魯克汽車旅館^['阿什布魯克', '汽車旅館']^['htl', 'ac']
17077815^岱山錦上雲宿·海上花開^['岱山', '錦上雲宿·海上花開']^['city', 'htl']
4376584^維斯塔埃加迪住宿加早餐酒店^['維斯塔埃加迪住宿加早餐', '酒店']^['htl', 'ac']
9242991^王國王國度假屋^['王國王國', '度假屋']^['htl', 'ac']
1716051^cm之家住宿^['cm之家', '住宿']^['htl', 'ac']
2881560^速8白河交叉路口酒店^['速8', '白河交叉路口', '酒店']^['brand', 'htl', 'ac']
4225519^聖琪雅拉安緹卡公寓^['聖琪雅拉安緹卡', '公寓']^['htl', 'ac']
3031050^維也斯酒店^['維也斯', '酒店']^['htl', 'ac']
1058420^屏東南灣伊朵^['屏東', '南灣', '伊朵']^['city', 'poi', 'htl']
1597527^七橙酒店(深圳沙井地鐵站)^['七橙', '酒店', '深圳', '沙井']^['htl', 'ac', 'city', 'poi']
9392577^考韋裏套房民宿^['考韋裏套房', '民宿']^['htl', 'ac']
9908709^維奇伍德酒店^['維奇伍德', '酒店']^['htl', 'ac']
2298975^贛州金泰大酒店^['贛州', '金泰', '大酒店']^['city', 'htl', 'ac']
6633865^大假期國際酒店^['大假期', '國際酒店']^['htl', 'ac']
4229506^露堪達艾滓阿米奇酒店及餐廳^['露堪達艾滓阿米奇', '酒店', '及餐廳']^['htl', 'ac', 'other']
11299596^拉海納玉赫蓋卡公寓^['拉海納玉赫蓋卡', '公寓']^['htl', 'ac']
54017086^西安熊熊和肥肥的小窩公寓(12號店)^['西安', '熊熊和肥肥的小窩', '公寓']^['city', 'htl', 'ac']
5649351^鶴慶名都商務酒店^['鶴慶', '名都', '商務酒店']^['city', 'htl', 'ac']
13669104^新公寓酒店^['新', '公寓酒店']^['htl', 'ac']
1017702^深圳思奔驛站^['深圳', '思奔', '驛站']^['city', 'htl', 'ac']
1332859^台州星尚賓館^['台州', '星尚', '賓館']^['city', 'htl', 'ac']
7046443^假日俱樂部^['假日', '俱樂部']^['brand', 'htl']
22923400^艾維莫外德霍夫 3 號酒店^['艾維莫外德霍夫 3 號', '酒店']^['htl', 'ac']
21888815^蒂卡度假村套房 Spa 酒店^['蒂卡', '度假村', '套房 Spa 酒店']^['htl', 'ac', 'other']
691115^武吉丁宜班達酒店^['武吉丁宜', '班達', '酒店']^['city', 'htl', 'ac']
7064771^富國島鄉村花園度假村^['富國島', '鄉村花園', '度假村']^['city', 'htl', 'ac']
45928550^安寧梵棲酒店^['安寧', '梵棲', '酒店']^['city', 'htl', 'ac']
22109206^海風酒店^['海風', '酒店']^['htl', 'ac']
3125727^艾弗洛帕酒店^['艾弗洛帕', '酒店']^['htl', 'ac']
21838372^帕拉夫魯赫利 104674 號公寓酒店^['帕拉夫魯赫利 104674 號', '公寓酒店']^['htl', 'ac']
3085088^城市酒店^['城市', '酒店']^['htl', 'ac']
6645799^巴塞隆拿桂爾公園我的地盤公寓^['巴塞隆拿', '桂爾公園我的地盤', '公寓']^['city', 'htl', 'ac']
6124671^松潘格桑梅朵酒店^['松潘格桑梅朵', '酒店']^['htl', 'ac']
4382109^海之星專屬度假村^['海之星專屬', '度假村']^['htl', 'ac']
752790^遺產公園酒店^['遺產公園', '酒店']^['htl', 'ac']
2545195^瑟夫賽德住宿加早餐酒店^['瑟夫賽德住宿加早餐', '酒店']^['htl', 'ac']
22794745^拉吉宮殿酒店^['拉吉宮殿', '酒店']^['htl', 'ac']
19496501^南昌福海商務賓館^['南昌', '福海', '商務賓館']^['city', 'htl', 'ac']
53260324^斯波特昂66448舒班卡旅館^['斯波特昂66448舒班卡', '旅館']^['htl', 'ac']
10507403^風鈴之宿風心庵度假屋^['風鈴之宿風心庵', '度假屋']^['htl', 'ac']
2885208^比奇帕勒斯公寓^['比奇帕勒斯', '公寓']^['htl', 'ac']
10034909^帝國酒店^['帝國', '酒店']^['htl', 'ac']
23535801^約克宮酒店^['約克', '宮', '酒店']^['brand', 'htl', 'ac']
777092^卡利卡特海灘道港威酒店^['卡利卡特', '海灘道港威', '酒店']^['city', 'htl', 'ac']
25678780^深圳卡布奇諾客棧^['深圳', '卡布奇諾', '客棧']^['city', 'htl', 'ac']
458649^泉州悅華酒店^['泉州', '悅華', '酒店']^['city', 'htl', 'ac']
35090072^OYO 823 曼谷奧利維青年旅舍^['OYO 823 曼谷奧利維', '青年旅舍']^['htl', 'ac']
1598916^花蓮小晴天旅宿^['花蓮', '小晴天旅宿']^['city', 'htl']
23782582^森林之愛旅館^['森林之愛', '旅館']^['htl', 'ac']
8991809^安塔利亞拉拉假日酒店^['安塔利亞', '拉拉', '假日酒店']^['city', 'htl', 'ac']
9270797^泰巴大酒店^['泰巴', '大酒店']^['htl', 'ac']
32442841^天台度過民宿^['天台', '度過', '民宿']^['city', 'htl', 'ac']
23962642^聖安娜火車公寓酒店^['聖安娜火車', '公寓酒店']^['htl', 'ac']
22778655^雅什宮酒店^['雅什宮', '酒店']^['htl', 'ac']
35471588^平潭明輝酒店^['平潭', '明輝', '酒店']^['city', 'htl', 'ac']
707585^費頓海灘度假村^['費頓海灘', '度假村']^['htl', 'ac']
6735642^高邑金源賓館^['高邑', '金源', '賓館']^['city', 'htl', 'ac']
8165763^濟州de Et Nous民宿^['濟州de Et Nous', '民宿']^['htl', 'ac']
8667263^楊平郡Dungji民宿^['楊平郡', 'Dungji', '民宿']^['city', 'htl', 'ac']
47400109^太陽別墅羅達文託酒店^['太陽別墅羅達文託', '酒店']^['htl', 'ac']
22081549^追夢住宿加早餐旅館^['追夢住宿加早餐', '旅館']^['htl', 'ac']
5498185^萊薩布勒多洛訥西岸海水浴和 SPA 索菲特美憬閣酒店^['萊薩布勒多洛訥西岸海水浴和 SPA 索菲特', '美憬閣', '酒店']^['htl', 'brand', 'ac']
6166977^寶石酒店^['寶石', '酒店']^['htl', 'ac']
4978613^萊卡之家酒店^['萊卡之家', '酒店']^['htl', 'ac']
24308348^第二章酒吧酒店^['第二章酒吧', '酒店']^['htl', 'ac']
4536940^劍川鰲峯山客棧^['劍川', '鰲峯山', '客棧']^['city', 'htl', 'ac']
9099882^加平郡Songjeon度假屋^['加平郡', 'Songjeon', '度假屋']^['city', 'htl', 'ac']
22604472^尚客優酒店(晉中順城西街店)^['尚客優', '酒店', '晉中']^['brand', 'ac', 'city']
43493776^蓬萊誠信友善公寓^['蓬萊', '誠信友善', '公寓']^['poi', 'htl', 'ac']
2285353^波特蘭東南 克拉克馬斯萬怡酒店^['波特蘭東南 克拉克馬斯', '萬怡', '酒店']^['htl', 'brand', 'ac']
35554494^深圳裏院民宿^['深圳', '裏院', '民宿']^['city', 'htl', 'ac']
8628360^北谷 2 號金城先生高級住宅酒店^['北谷 2 號金城先生高級', '住宅酒店']^['htl', 'ac']
762696^恩克萊夫行政酒店^['恩克萊夫', '行政酒店']^['htl', 'ac']
2929509^奇諾6號汽車旅館 洛杉磯區^['奇諾', '6號', '汽車旅館', '洛杉磯區']^['city', 'htl', 'ac', 'other']
35090270^近 ITC 曼加杜亞瑞德多茲酒店^['近 ITC 曼加杜亞瑞德多茲', '酒店']^['htl', 'ac']
24755510^大理林戀主題酒店^['大理', '林戀', '主題酒店']^['city', 'htl', 'ac']
10873786^博尼圖聖詹姆斯酒店^['博尼圖', '聖詹姆斯', '酒店']^['city', 'htl', 'ac']
33520498^拉耶思塔杭碧至尊酒店^['拉耶思塔杭碧至尊', '酒店']^['htl', 'ac']
757329^安格勒公寓酒店^['安格勒', '公寓酒店']^['htl', 'ac']
48555838^OYO 1456鷹航酒店^['OYO 1456鷹航', '酒店']^['htl', 'ac']
45833810^123 會館^['123', '會館']^['htl', 'ac']
1225627^馬鞍山富力萬達嘉華酒店^['馬鞍山', '富力萬達', '嘉華', '酒店']^['city', 'htl', 'brand', 'ac']
4839841^瀋陽誠寧賓館^['瀋陽', '誠寧', '賓館']^['city', 'htl', 'ac']
2804595^蘭布拉大都會精品酒店^['蘭布拉', '大都會', '精品酒店']^['poi', 'htl', 'ac']
47127181^假日居家酒店 2 居 5^['假日', '居家', '酒店', '2 居 5']^['brand', 'htl', 'ac', 'other']
22832831^格蘭傑公寓酒店^['格蘭傑', '公寓酒店']^['htl', 'ac']
10364911^恩格哈特汽車旅館^['恩格哈特', '汽車旅館']^['htl', 'ac']
16125746^沃克札爾納亞 61k1 美麗公寓酒店^['沃克札爾納亞 61k1 美麗', '公寓酒店']^['htl', 'ac']
2382169^廈門皇都商務酒店^['廈門', '皇都', '商務酒店']^['city', 'htl', 'ac']
8147923^清萊SC宮殿酒店^['清萊', 'SC宮殿', '酒店']^['city', 'htl', 'ac']
1007427^廣州博雅假日酒店^['廣州', '博雅', '假日酒店']^['city', 'htl', 'ac']
912668^漢庭酒店(海門三星疊石橋店)^['漢庭', '酒店', '海門']^['brand', 'ac', 'poi']
21848410^喬治酒店^['喬治', '酒店']^['htl', 'ac']
9997258^市中心社會康復酒店^['市中心社會康復', '酒店']^['htl', 'ac']
22063680^達米達豪華酒店^['達米達豪華', '酒店']^['htl', 'ac']
3667125^瑞德林克酒店^['瑞德林克', '酒店']^['htl', 'ac']
2111208^奧拉西歡朋酒店^['奧拉西', '歡朋', '酒店']^['city', 'htl', 'ac']
8988113^阿爾本小屋酒店^['阿爾本小屋', '酒店']^['htl', 'ac']
9844048^雷明斯酒店^['雷明斯', '酒店']^['htl', 'ac']
44178583^德爾瑪皇家酒店^['德爾瑪皇家', '酒店']^['htl', 'ac']
3449272^孔普盧頓酒店^['孔普盧頓', '酒店']^['htl', 'ac']
9472560^勘察加半島首領酒店^['勘察加半島首領', '酒店']^['htl', 'ac']
661418^清邁塔林酒店^['清邁', '塔林', '酒店']^['city', 'htl', 'ac']
4045823^法蘭克福城市天際線酒店^['法蘭克福', '城市天際線', '酒店']^['city', 'htl', 'ac']
11559738^薩巴蒂蘭達旅館^['薩巴蒂蘭達', '旅館']^['htl', 'ac']
54252391^平頂山雅閑居公寓^['平頂山', '雅閑居', '公寓']^['city', 'htl', 'ac']
9506021^水濱雅拉度假村^['水濱雅拉', '度假村']^['htl', 'ac']
803938^陽朔疏影闌珊客棧^['陽朔', '疏影闌珊', '客棧']^['city', 'htl', 'ac']
9225984^努爾 2 號酒店^['努爾 2 號', '酒店']^['htl', 'ac']
749565^開普敦實驗酒店 | 塔拉戈納^['開普敦', '實驗', '酒店', '| 塔拉戈納']^['city', 'htl', 'ac', 'other']
6476453^博洛德海灘度假村^['博洛德海灘', '度假村']^['htl', 'ac']
8375303^離家旅館^['離家', '旅館']^['htl', 'ac']
9052766^克拉維特貝姆酒店^['克拉維特貝姆', '酒店']^['htl', 'ac']
8382560^會澤卑爾根莊園酒店^['會澤卑爾根莊園', '酒店']^['htl', 'ac']
688402^相鐵GRAND FRESA 品川海濱^['相鐵GRAND FRESA', '品川海濱']^['htl', 'poi']
54794287^大安森林旁兩房私人公寓步行三分鐘至捷運站^['大安', '森林旁兩房', '私人公寓', '步行三分鐘至捷運站']^['poi', 'htl', 'ac', 'other']
21094570^甘乃迪紅穀倉酒店^['甘乃迪紅穀倉', '酒店']^['htl', 'ac']
42242576^承德眾達租房公寓^['承德', '眾達租房', '公寓']^['city', 'htl', 'ac']
9859656^戈登內爾斯特恩酒店^['戈登內爾斯特恩', '酒店']^['htl', 'ac']
57686056^寧國山鄉舊夢民宿^['寧國', '山鄉舊夢', '民宿']^['city', 'htl', 'ac']
29575524^大理花伴一生客棧^['大理', '花伴一生', '客棧']^['city', 'htl', 'ac']
3922155^美塞翠景廣場旅舍^['美塞', '翠景廣場', '旅舍']^['city', 'htl', 'ac']
9988073^三叉戟旅館^['三叉戟', '旅館']^['htl', 'ac']
1471117^MJ酒店^['MJ', '酒店']^['htl', 'ac']
3266663^威奇託南智選假日酒店^['威奇託南智選', '假日酒店']^['htl', 'ac']
6145561^賈蒙特酒店^['賈蒙特', '酒店']^['htl', 'ac']
2906320^洛磯山國家公園附近凱藝酒店^['洛磯山國家公園附近凱藝', '酒店']^['htl', 'ac']
30012181^萊奧里爾自然休閑民宿^['萊奧里爾自然休閑', '民宿']^['htl', 'ac']
2367376^大急流城南希爾頓歡朋酒店^['大急流城南希爾頓歡朋', '酒店']^['htl', 'ac']
26595620^凡提羅莎酒店^['凡提羅莎', '酒店']^['htl', 'ac']
21834656^莫出租屋阿利坎特貝尼東 103101 號公寓酒店^['莫出租屋阿利坎特貝尼東 103101 號', '公寓酒店']^['htl', 'ac']
2265347^全季酒店(上海東方明珠店)^['全季', '酒店', '上海', '東方明珠']^['brand', 'ac', 'city', 'poi']
3412688^馬利蘭羅瑞爾希爾頓逸林酒店^['馬利蘭羅瑞爾希爾頓逸林', '酒店']^['htl', 'ac']
3728951^古像奈韋比薩恩住宅^['古像奈韋比薩恩住宅']^['htl']
2495694^約塞米蒂國家公園舒適酒店^['約塞米蒂國家公園舒適', '酒店']^['htl', 'ac']
3157878^阿卡普爾哥託爾圖加酒店^['阿卡普爾哥託爾圖加', '酒店']^['htl', 'ac']
4225497^阿梅德奧住宿加早餐旅館^['阿梅德奧住宿加早餐', '旅館']^['htl', 'ac']
4225923^聖佐治斯普巴德酒店^['聖佐治斯普巴德', '酒店']^['htl', 'ac']
22326783^耶瓦邊疆酒店^['耶瓦邊疆', '酒店']^['htl', 'ac']
24145809^瓜拉立卑U設計酒店^['瓜拉立卑', 'U設計', '酒店']^['city', 'htl', 'ac']
11160857^河源悠源商務酒店^['河源', '悠源', '商務酒店']^['city', 'htl', 'ac']
22140368^湖入口處貝殼酒店^['湖入口處', '貝殼', '酒店']^['htl', 'brand', 'ac']
7193315^豪特科尼斯堡度假屋^['豪特科尼斯堡', '度假屋']^['htl', 'ac']
45819887^莫奇森背包客酒店 馬辛迪^['莫奇森背包客', '酒店', '馬辛迪']^['htl', 'ac', 'city']
3040126^埃弗利納旅館^['埃弗利納', '旅館']^['htl', 'ac']
8901612^吉隆坡科瑪舒適公寓^['吉隆坡科瑪舒適', '公寓']^['htl', 'ac']
5631434^南錫公寓式酒店^['南錫', '公寓式酒店']^['city', 'ac']
18071893^史瑞蘭酒店^['史瑞蘭', '酒店']^['htl', 'ac']
9148683^南荷蘭溫德姆旅客之家^['南荷蘭', '溫德姆', '旅客之家']^['city', 'brand', 'htl']
2233104^俄克拉何馬城十字路口費爾菲爾德萬豪酒店^['俄克拉何馬城', '十字路口費爾菲爾德', '萬豪', '酒店']^['city', 'htl', 'brand', 'ac']
10099493^科倫坡河畔酒店^['科倫坡河畔', '酒店']^['htl', 'ac']
31490899^有客宿宿酒店(貴定音寨店)^['有客宿宿', '酒店', '貴定']^['htl', 'ac', 'city']
11604460^冊子米拉酒店^['冊子米拉', '酒店']^['htl', 'ac']
2884346^水牛城經濟汽車旅館^['水牛城', '經濟', '汽車旅館']^['city', 'htl', 'ac']
742816^葉卡捷琳堡契訶夫原創酒店^['葉卡捷琳堡', '契訶夫原創', '酒店']^['city', 'htl', 'ac']
8590649^中華賓館^['中華', '賓館']^['htl', 'ac']
38934597^蘭德施特城市中央客房酒店^['蘭德施特城市中央客房', '酒店']^['htl', 'ac']
49529724^格雅酒店(麗江古城大水車店)^['格雅', '酒店', '麗江古城', '大水車']^['htl', 'ac', 'poi', 'poi']
9405306^伊佛達克公寓酒店^['伊佛達克', '公寓酒店']^['htl', 'ac']
11632577^寺廟虎綠叢林度假村^['寺廟虎綠叢林', '度假村']^['htl', 'ac']
3697874^太平洋賭場酒店^['太平洋', '賭場酒店']^['htl', 'ac']
33996842^帕羅桑德河內公寓酒店^['帕羅桑德河內', '公寓酒店']^['htl', 'ac']
10575083^船長斯皮羅斯開放式客房酒店^['船長斯皮羅斯開放式客房', '酒店']^['htl', 'ac']
22813339^長景旅館^['長景', '旅館']^['htl', 'ac']
2563832^澤西市凱悅酒店^['澤西市', '凱悅', '酒店']^['city', 'brand', 'ac']
9309036^摩根米斯酒店^['摩根米斯', '酒店']^['htl', 'ac']
750902^維爾查馬丁酒店^['維爾查馬丁', '酒店']^['htl', 'ac']
2542880^斯普林菲爾德 費城戴斯酒店^['斯普林菲爾德', '費城', '戴斯', '酒店']^['city', 'htl', 'brand', 'ac']
1067534^武定逸帆商務酒店^['武定', '逸帆', '商務酒店']^['city', 'htl', 'ac']
6719872^茂名好景商務酒店^['茂名', '好景', '商務酒店']^['city', 'htl', 'ac']
50508187^福州曉屋公寓(康城路分店)^['福州', '曉屋', '公寓']^['city', 'htl', 'ac']
15310932^契巴基塔海岸度假村酒店 僅供成人入住^['契巴基塔海岸', '度假村酒店', '僅供成人入住']^['htl', 'ac', 'other']
10797390^德奧佩斯塔爾酒店^['德奧佩斯塔爾', '酒店']^['htl', 'ac']
10945155^西貢角寄宿家庭屋^['西貢', '角寄宿家庭屋']^['city', 'htl']
21853031^大道套房 瑪德公寓精選酒店^['大道套房 瑪德公寓', '精選', '酒店']^['htl', 'brand', 'ac']
8733980^特裏布斯特裏布斯酒店^['特裏布斯特裏布斯', '酒店']^['htl', 'ac']
1007704^安丘齊魯酒地裕景大酒店^['安丘', '齊魯酒地', '裕景', '大酒店']^['city', 'poi', 'htl', 'ac']
53216088^瀘州拾光特色民宿(7號店)^['瀘州', '拾光', '特色民宿']^['city', 'htl', 'ac']
9383878^OYO 3649 施裏巴拉希住宅酒店^['OYO 3649 施裏巴拉希', '住宅酒店']^['htl', 'ac']
21859496^旅遊別墅 3BHK 度假屋酒店^['旅遊別墅 3BHK', '度假屋', '酒店']^['htl', 'ac', 'other']
44406633^希爾頓斯維諾烏伊希切度假村及水療中心^['希爾頓', '斯維諾烏伊希切', '度假村', '及水療中心']^['brand', 'htl', 'ac', 'other']
4231241^託雷克萊門蒂娜酒店^['託雷克萊門蒂娜', '酒店']^['htl', 'ac']
10946010^阿薩帕爾特酒店^['阿薩帕爾特', '酒店']^['htl', 'ac']
688522^明星酒店^['明星', '酒店']^['htl', 'ac']
21835775^萊萬託酒店^['萊萬託', '酒店']^['city', 'ac']
4344900^佐克特爾酒店^['佐克特爾', '酒店']^['htl', 'ac']
45749525^科洛青年旅舍^['科洛', '青年旅舍']^['htl', 'ac']
11684077^大賽爾夫和Spa酒店^['大賽爾夫和Spa', '酒店']^['htl', 'ac']
19624485^迪士尼科羅拉多斯普林斯度假酒店^['迪士尼', '科羅拉多斯普林斯', '度假酒店']^['brand', 'htl', 'ac']
9569430^奧別府 Kinoko 之裏小木屋旅館^['奧別府 Kinoko 之裏小木屋', '旅館']^['htl', 'ac']
28081423^阿帕卡巴家庭旅館^['阿帕', '卡巴', '家庭旅館']^['brand', 'htl', 'ac']
64179909^普者黑千嶼棲居客棧^['普者黑', '千嶼棲居', '客棧']^['poi', 'htl', 'ac']
817030^涇縣谷源賓館^['涇縣', '谷源', '賓館']^['city', 'htl', 'ac']
3644027^帕拉狄索酒店^['帕拉狄索', '酒店']^['htl', 'ac']
7517456^布吉最佳色彩公寓^['布吉', '最佳色彩', '公寓']^['city', 'htl', 'ac']
744517^阿斯瑪裏酒店^['阿斯瑪裏', '酒店']^['htl', 'ac']
4435573^張家界1982初見客棧^['張家界', '1982初見', '客棧']^['city', 'htl', 'ac']
7178154^玫瑰花園全景酒店^['玫瑰花園全景', '酒店']^['htl', 'ac']
36283812^中央設計頂層房酒店 附陽台^['中央設計頂層房', '酒店', '附陽台']^['htl', 'ac', 'other']
21834768^伊薩基民宿^['伊薩基', '民宿']^['htl', 'ac']
23729359^巖石邊緣住宅酒店^['巖石邊緣', '住宅酒店']^['htl', 'ac']
23157147^樂旅宿^['樂旅宿']^['htl']
1249359^克拉瑪依雪蓮賓館^['克拉瑪依', '雪蓮', '賓館']^['city', 'htl', 'ac']
6751765^光霧山兼味樓^['光霧山', '兼味樓']^['poi', 'htl']
38421521^金川聖行佛都酒店^['金川', '聖行佛都', '酒店']^['city', 'htl', 'ac']
2116677^沃思堡西城景希爾頓欣庭套房酒店^['沃思堡西城景希爾頓欣庭套房', '酒店']^['htl', 'ac']
764046^湖濱旅館酒店 比姆塔爾奢華湖景酒店^['湖濱旅館酒店 比姆塔爾奢華湖景', '酒店']^['htl', 'ac']
2199730^佩坦布拉藍天酒店^['佩坦布拉藍天', '酒店']^['htl', 'ac']
3692842^印第安納鄉村民宿^['印第安納鄉村', '民宿']^['htl', 'ac']
17501526^哈明達斯天堂汽車旅館^['哈明達斯天堂', '汽車旅館']^['htl', 'ac']
15861381^萊斯賓館^['萊斯', '賓館']^['htl', 'ac']
45564467^貝爾蒙德客房酒店^['貝爾蒙德客房', '酒店']^['htl', 'ac']
10550040^艾納爾卡里酒店^['艾納爾卡里', '酒店']^['htl', 'ac']
3117724^歐洲酒店^['歐洲', '酒店']^['htl', 'ac']
13181629^蘇州畫眉裏精品民宿^['蘇州', '畫眉裏', '精品民宿']^['city', 'htl', 'ac']
45752504^嶄新市中心 3 牀公寓酒店 附停車場 電梯^['嶄新市中心 3 牀', '公寓酒店', '附停車場 電梯']^['htl', 'ac', 'other']
9148551^斯圖爾特旅館^['斯圖爾特', '旅館']^['htl', 'ac']
4063159^里昂歐埃斯特塔民宿^['里昂歐埃斯特塔', '民宿']^['htl', 'ac']
48967657^2 居酒店 附免費停車 近塞斯諾克中央^['2 居', '酒店', '附免費停車 近塞斯諾克中央']^['htl', 'ac', 'other']
3792802^普羅維登西亞鎮公寓^['普羅維登西亞鎮', '公寓']^['htl', 'ac']
45742020^聖尼古拉斯民宿^['聖尼古拉斯', '民宿']^['htl', 'ac']
1509537^曼谷莎瑪素坤逸公寓式酒店^['曼谷', '莎瑪', '素坤逸', '公寓式酒店']^['city', 'brand', 'htl', 'ac']
9931011^薩拉卡瓦酒店^['薩拉卡瓦', '酒店']^['htl', 'ac']
2883656^皇家麗晶酒店^['皇家', '麗晶', '酒店']^['htl', 'brand', 'ac']
21855613^韋爾巴尼亞 豪華意大利公寓酒店^['韋爾巴尼亞', '豪華意大利', '公寓酒店']^['city', 'htl', 'ac']
3085415^斯普林菲爾德I 44舒適酒店^['斯普林菲爾德', 'I 44舒適', '酒店']^['city', 'htl', 'ac']
1600252^徐州萬達樂家酒店公寓^['徐州', '萬達', '樂家', '酒店公寓']^['city', 'brand', 'htl', 'ac']
4377460^昆塔馬查多酒店 自然愛和放鬆^['昆塔馬查多', '酒店', '自然愛和放鬆']^['htl', 'ac', 'other']
8606454^艾塔萊福庫斯酒店^['艾塔萊福庫斯', '酒店']^['htl', 'ac']
9849183^克拉維克酒店^['克拉維克', '酒店']^['htl', 'ac']
10053385^安佩羅斯度假村酒店^['安佩羅斯', '度假村酒店']^['htl', 'ac']
3040387^布歐諾酒店^['布歐諾', '酒店']^['htl', 'ac']
6492811^利普西尼菲力酒店^['利普西尼菲力', '酒店']^['htl', 'ac']
7014140^瑪哈峇里島塔曼阿美薩別墅^['瑪哈峇里島塔曼阿美薩', '別墅']^['htl', 'ac']
12495620^靜謐溪山林小屋酒店^['靜謐溪山林小屋', '酒店']^['htl', 'ac']
4223986^探戈家庭式住宿加早餐酒店^['探戈家庭式住宿加早餐', '酒店']^['htl', 'ac']
2879733^韋恩堡溫德姆拉昆塔套房酒店^['韋恩堡', '溫德姆', '拉昆塔套房', '酒店']^['city', 'brand', 'htl', 'ac']
48021446^恩施Snowman公寓^['恩施', 'Snowman', '公寓']^['city', 'htl', 'ac']
2865426^阿納海姆 普安那公園6號汽車旅館^['阿納海姆', '普安那公園6號', '汽車旅館']^['city', 'htl', 'ac']
3649007^黑山區度假酒店^['黑山區', '度假酒店']^['htl', 'ac']
4230898^阿文尼達華倫西亞 17 號公寓酒店^['阿文尼達華倫西亞 17 號', '公寓酒店']^['htl', 'ac']
17368384^卡洛爾皇家公寓酒店^['卡洛爾皇家', '公寓酒店']^['htl', 'ac']
5923181^會昌吉利賓館^['會昌', '吉利', '賓館']^['city', 'htl', 'ac']
57573361^OYO 1140 特雷薩丹絨巴萊酒店^['OYO 1140 特雷薩丹絨巴萊', '酒店']^['htl', 'ac']
9258766^布里爾島旅館^['布里爾島', '旅館']^['htl', 'ac']
5951336^紗哈達格皮克宮傲途格精選酒店^['紗哈達格皮克宮傲途格', '精選', '酒店']^['htl', 'brand', 'ac']
3128749^島民諾薩度假村^['島民諾薩', '度假村']^['htl', 'ac']
54790923^寧曼路田間生活精品公寓^['寧曼路田間生活', '精品公寓']^['htl', 'ac']
23695345^一家民宿^['一家', '民宿']^['brand', 'ac']
1526278^PS 度假村^['PS', '度假村']^['htl', 'ac']
14074004^北海紅房子客棧^['北海', '紅房子', '客棧']^['city', 'htl', 'ac']
8531937^日月旅館^['日月', '旅館']^['htl', 'ac']
22793919^OYO 15015 斯卡家庭酒店^['OYO 15015 斯卡家庭', '酒店']^['htl', 'ac']
14451371^蘭德弗塔格昂卡酒店^['蘭德弗塔格昂卡', '酒店']^['htl', 'ac']
2103299^芝加哥 奧克布魯克特萊斯希爾頓套房酒店^['芝加哥 奧克布魯克特萊斯希爾頓套房', '酒店']^['htl', 'ac']
1386523^千島湖老田莊民宿^['千島湖', '老田莊', '民宿']^['poi', 'htl', 'ac']
9909650^阿馬卡拉野生動物園旅館 阿馬卡拉野生動物保護區^['阿馬卡拉野生動物園', '旅館', '阿馬卡拉野生動物保護區']^['htl', 'ac', 'other']
15973342^涇縣小橋流水人家民宿^['涇縣', '小橋流水人家', '民宿']^['city', 'htl', 'ac']
6108206^獅子旅館酒店^['獅子旅館', '酒店']^['htl', 'ac']
3264160^阿納海姆主題樂園入口萬怡酒店^['阿納海姆', '主題樂園入口', '萬怡', '酒店']^['city', 'htl', 'brand', 'ac']
15731452^魔法門羅馬酒店^['魔法門羅馬', '酒店']^['htl', 'ac']
4591461^聖淘沙酒店^['聖淘沙', '酒店']^['htl', 'ac']
23051826^巴塞隆拿 1882 酒店^['巴塞隆拿', '188', '2', '酒店']^['city', 'brand', 'htl', 'ac']
50297620^卡馬克旅館^['卡馬克', '旅館']^['htl', 'ac']
45816531^情侶汽車旅館^['情侶', '汽車旅館']^['htl', 'ac']
45700574^天鵝與皇家酒店^['天鵝與皇家', '酒店']^['htl', 'ac']
4228730^新樂園大酒店^['新樂園', '大酒店']^['htl', 'ac']
6475451^芭堤雅新北歐套房4號公寓^['芭堤雅', '新北歐套房4號', '公寓']^['city', 'htl', 'ac']
5605614^普穆拉農場旅館^['普穆拉農場', '旅館']^['htl', 'ac']
22099589^格拉斯米爾 27 號貓頭鷹旅館^['格拉斯米爾 27 號貓頭鷹', '旅館']^['htl', 'ac']
764017^金格爾班加羅爾 懷特菲爾德酒店^['金格爾班加羅爾 懷特菲爾德', '酒店']^['htl', 'ac']
1486397^Sukajadi酒店 會議和畫廊^['Sukajadi', '酒店', '會議和畫廊']^['htl', 'ac', 'other']
22780311^昌德尼酒店^['昌德尼', '酒店']^['htl', 'ac']
5830945^深圳華夏旅館^['深圳', '華夏', '旅館']^['city', 'htl', 'ac']
6649293^巴林酒店^['巴林', '酒店']^['htl', 'ac']
55465182^卡馬拉海灘5臥泳池花園親子別墅^['卡馬拉海灘5臥泳池花園親子', '別墅']^['htl', 'ac']
28866020^納沃納風格酒店^['納沃納', '風格', '酒店']^['poi', 'htl', 'ac']
29754827^哈奇旅館^['哈奇', '旅館']^['htl', 'ac']
6662826^都市118連鎖酒店(汶上萬隆商貿城店)^['都市118', '連鎖酒店', '汶上']^['brand', 'ac', 'city']
25678737^尚客優品酒店(長沙縣經濟開發區東六路店)^['尚客優', '品', '酒店', '長沙縣']^['brand', 'htl', 'ac', 'city']
15837300^瑪瑞納維斯塔酒店^['瑪瑞納維斯塔', '酒店']^['htl', 'ac']
22838480^楓樹大道樹屋酒店^['楓樹大道樹屋', '酒店']^['htl', 'ac']
686919^峇里島辛納別墅酒店^['峇里島', '辛納', '別墅酒店']^['city', 'htl', 'ac']
1486568^陽朔陽航小居客棧^['陽朔', '陽航小居', '客棧']^['city', 'htl', 'ac']
25098077^大阪北濱菲諾貝斯特韋斯特優質酒店^['大阪', '北濱菲諾貝斯特韋斯特優質', '酒店']^['city', 'htl', 'ac']
718041^多米希爾漢堡金色鬱金香酒店^['多米', '希爾漢堡金色鬱金香', '酒店']^['brand', 'htl', 'ac']
1441234^雁盪山新鴻賓館^['雁盪山', '新鴻', '賓館']^['poi', 'htl', 'ac']
3443610^特馬爾酒店^['特馬爾', '酒店']^['htl', 'ac']
43624362^林迪鄉村別墅酒店^['林迪鄉村', '別墅酒店']^['htl', 'ac']
11266186^威裏水高地酒店^['威裏水高地', '酒店']^['htl', 'ac']
48290684^尊爵開放式公寓蜂巢公寓戰略地點酒店^['尊爵開放式公寓蜂巢公寓戰略地點', '酒店']^['htl', 'ac']
985221^麗江沁水雨沫客棧^['麗江', '沁水雨沫', '客棧']^['city', 'htl', 'ac']
2659056^衢州煌家商務賓館^['衢州', '煌家', '商務賓館']^['city', 'htl', 'ac']
1518033^麥島綠景度假酒店^['麥島', '綠景', '度假酒店']^['city', 'htl', 'ac']
8015750^佛山優百酒店^['佛山', '優百', '酒店']^['city', 'htl', 'ac']
3178107^機場貝斯特韋斯特優質套房酒店^['機場貝斯特韋斯特優質套房', '酒店']^['htl', 'ac']
1543350^巴拉西酒店^['巴拉西', '酒店']^['htl', 'ac']
2194008^南海灘廣場酒店^['南海灘廣場', '酒店']^['htl', 'ac']
63321361^里昂老鎮舒適公寓酒店^['里昂', '老鎮舒適', '公寓酒店']^['city', 'htl', 'ac']
1738234^雙柏御達酒店^['雙柏', '御達', '酒店']^['city', 'htl', 'ac']
4377025^日落汽車旅館^['日落', '汽車旅館']^['htl', 'ac']
1952523^通化安平旅店^['通化', '安平', '旅店']^['city', 'htl', 'ac']
3917296^布拉博堡海濱酒店^['布拉博堡', '海濱', '酒店']^['city', 'htl', 'ac']
9320438^萬豪夏洛特機場費爾菲爾德酒店^['萬豪', '夏洛特機場費爾菲爾德', '酒店']^['brand', 'htl', 'ac']
3707422^奧克斯利汽車旅館^['奧克斯利', '汽車旅館']^['htl', 'ac']
3107680^靜謐客棧 金牛湖酒店^['靜謐客棧 金牛湖', '酒店']^['htl', 'ac']
2889664^尤凱亞速8酒店^['尤凱亞', '速8', '酒店']^['city', 'brand', 'ac']
22961569^格蘭加勒比達多酒店^['格蘭加勒比達多', '酒店']^['htl', 'ac']
6250822^卡斯爾梅恩阿爾比恩汽車旅館^['卡斯爾梅恩', '阿爾比恩', '汽車旅館']^['city', 'htl', 'ac']
9425837^斯科夫酒店及 SPA^['斯科夫', '酒店', '及 SPA']^['htl', 'ac', 'other']
10906415^韋斯特伍德旅館^['韋斯特伍德', '旅館']^['htl', 'ac']
3029801^埃斯託里爾酒店^['埃斯託里爾', '酒店']^['htl', 'ac']
7320986^阿祖爾宮豪華酒店^['阿祖爾宮豪華', '酒店']^['htl', 'ac']
10169740^雅典衞城精品住宅酒店^['雅典', '衞城', '精品', '住宅酒店']^['city', 'poi', 'htl', 'ac']
983648^花蓮七星潭海灣民宿^['花蓮', '七星潭', '海灣', '民宿']^['city', 'poi', 'htl', 'ac']
731054^貝斯特韋斯特伯恩斯酒店^['貝斯特韋斯特伯恩斯', '酒店']^['htl', 'ac']
45925187^空間旅館(碧瑤)^['空間', '旅館']^['htl', 'ac']
32133923^亞美尼亞 88 號酒店^['亞美尼亞 88 號', '酒店']^['htl', 'ac']
7625615^OYO 886 阿達酒店公寓^['OYO 886 阿達', '酒店公寓']^['htl', 'ac']
2173547^卡萊爾萬豪費爾菲爾德酒店^['卡萊爾', '萬豪', '費爾菲爾德', '酒店']^['city', 'brand', 'htl', 'ac']
9053119^霍蘭迪亞菲林公園酒店^['霍蘭迪亞菲林公園', '酒店']^['htl', 'ac']
10075145^坤塔柯洛亞酒店^['坤塔柯洛亞', '酒店']^['htl', 'ac']
50481678^銅仁段平英度假別墅^['銅仁', '段平英', '度假別墅']^['city', 'htl', 'ac']
3156319^麥克唐納萊拉海灘度假村^['麥克唐納萊拉海灘', '度假村']^['htl', 'ac']
25264215^騰沖朱圈客棧^['騰沖朱圈', '客棧']^['htl', 'ac']
21830331^日間賀島旅館^['日間賀島', '旅館']^['htl', 'ac']
21880092^萊基亞艾德拉薩酒店^['萊基亞艾德拉薩', '酒店']^['htl', 'ac']
52940116^西安卿雲居民宿(3號店)^['西安', '卿雲居', '民宿']^['city', 'htl', 'ac']
2137799^玉環蒲公英精品酒店^['玉環', '蒲公英', '精品酒店']^['city', 'htl', 'ac']
64178929^廣州張軍明度假別墅(林蔭路分店)^['廣州', '張軍明', '度假別墅']^['city', 'htl', 'ac']
17276310^成都珀普來主題酒店(寬窄巷子店)^['成都', '珀普來', '主題酒店', '寬窄巷子店']^['city', 'htl', 'ac', 'poi']
13906296^艾維亞夢想酒店^['艾維亞夢想', '酒店']^['htl', 'ac']
843778^大理緣友賓館^['大理', '緣友', '賓館']^['city', 'htl', 'ac']
2651755^東莞愛情住宿^['東莞', '愛情', '住宿']^['city', 'htl', 'ac']
3793305^Costa Sul 海灘酒店^['Costa Sul 海灘', '酒店']^['htl', 'ac']
13303828^泰安郡快樂早晨度假屋^['泰安郡', '快樂早晨', '度假屋']^['city', 'htl', 'ac']
27162800^巍山興璐閑庭酒店^['巍山', '興璐閑庭', '酒店']^['city', 'htl', 'ac']
703345^露櫻酒店 門司港^['露櫻', '酒店', '門司港']^['htl', 'ac', 'other']
2152907^全季酒店(吐魯番高昌路店)^['全季', '酒店', '吐魯番', '高昌']^['brand', 'ac', 'city', 'poi']
8031539^野牛度假村^['野牛', '度假村']^['htl', 'ac']
758762^阿凡提精品酒店^['阿凡提', '精品酒店']^['htl', 'ac']
25269003^陸河沁園客房^['陸河', '沁園', '客房']^['city', 'htl', 'ac']
4379591^斯皮雅閣公寓酒店^['斯皮', '雅閣', '公寓酒店']^['htl', 'brand', 'ac']
50477618^廣州小迷糊蛋公寓^['廣州', '小迷糊蛋', '公寓']^['city', 'htl', 'ac']
3042391^阿根塔略高爾夫水療度假酒店^['阿根塔略高爾夫水療', '度假酒店']^['htl', 'ac']
35950282^卡爾戴景觀 2 號酒店^['卡爾戴景觀 2 號', '酒店']^['htl', 'ac']
10974850^假日民宿 瑪他海灘 1 號^['假日', '民宿', '瑪他海灘 1 號']^['brand', 'ac', 'other']
21853621^格蘭德殖民風家庭旅館^['格蘭德殖民風', '家庭旅館']^['htl', 'ac']
28757994^景洪六時吉祥客棧^['景洪', '六時吉祥', '客棧']^['city', 'htl', 'ac']
2232050^斯波坎市中心會展中心萬怡酒店^['斯波坎', '市中心會展中心', '萬怡', '酒店']^['city', 'htl', 'brand', 'ac']
6407627^海口騎樓還客1921精品民宿^['海口', '騎樓還客1921', '精品民宿']^['city', 'htl', 'ac']
8372564^加雷特旅館^['加雷特', '旅館']^['htl', 'ac']
43494340^南京智慧金陵公寓^['南京', '智慧', '金陵', '公寓']^['city', 'htl', 'brand', 'ac']
3060992^凱悅華倫西亞 魔術山酒店^['凱悅', '華倫西亞 魔術山', '酒店']^['brand', 'htl', 'ac']
369748^廈門海港英迪格酒店^['廈門', '海港', '英迪格', '酒店']^['city', 'htl', 'brand', 'ac']
3078752^墨爾本機場郊區長住公寓酒店^['墨爾本', '機場郊區長住', '公寓酒店']^['city', 'htl', 'ac']
23590864^貝汀諾酒店^['貝汀諾', '酒店']^['htl', 'ac']
28081771^迪比克市中心萬豪唐普雷斯套房酒店^['迪比克', '市中心萬豪唐普雷斯套房', '酒店']^['city', 'htl', 'ac']
2058249^重慶渝之家酒店^['重慶', '渝之家', '酒店']^['city', 'htl', 'ac']
48687509^OYO 1566 格里亞伊納哈回教酒店^['OYO 1566 格里亞伊納哈回教', '酒店']^['htl', 'ac']
2922067^環球塔邁莫熱帶酒店^['環球塔邁莫熱帶', '酒店']^['htl', 'ac']
10628377^西小石城醫學中心美洲最佳價值酒店^['西小石城醫學中心美洲最佳價值', '酒店']^['htl', 'ac']
21857737^札美奇庫酒店^['札美奇庫', '酒店']^['htl', 'ac']
21870572^懶散湖濱酒店^['懶散湖濱', '酒店']^['htl', 'ac']
6930255^廈門鼓旅會務中心^['廈門', '鼓旅會務中心']^['city', 'htl']
21881326^皇家旅館^['皇家', '旅館']^['htl', 'ac']
2174250^弗賴拉辛智選假日酒店^['弗賴拉辛', '智選', '假日酒店']^['city', 'htl', 'ac']
21888623^阿馬里斯法赫魯丁酒店 丹納阿邦^['阿馬里斯法赫魯丁', '酒店', '丹納阿邦']^['htl', 'ac', 'location']
9668935^曼谷2牀賓館^['曼谷', '2牀', '賓館']^['city', 'htl', 'ac']
6079391^特雷布潮流櫻桃樹酒店^['特雷布潮流櫻桃樹', '酒店']^['htl', 'ac']
51662069^愛藝宿^['愛藝宿']^['htl']
5469242^緬甸運動酒店^['緬甸運動', '酒店']^['htl', 'ac']
21882324^諾哈公寓酒店 103658 號^['諾哈', '公寓酒店', '103658 號']^['city', 'ac', 'other']
9463506^桑給巴爾基林迪酒店^['桑給巴爾基林迪', '酒店']^['htl', 'ac']
7338137^海濱 普拉亞德雷伊高爾夫及海灘度假酒店^['海濱 普拉亞德雷伊高爾夫及海灘', '度假酒店']^['htl', 'ac']
4978396^尼爾巴納宮殿 古蹟酒店^['尼爾巴納宮殿 古蹟', '酒店']^['htl', 'ac']
28515380^雅詩國際酒店^['雅詩', '國際酒店']^['htl', 'ac']
7854009^香檳別墅酒店^['香檳', '別墅酒店']^['htl', 'ac']
5174126^承德熱河故事青年旅舍^['承德', '熱河故事', '青年旅舍']^['city', 'htl', 'ac']
751045^哈希米酒店^['哈希米', '酒店']^['htl', 'ac']
2628889^貝斯特韋斯特休斯頓醫療中心必住普拉斯酒店^['貝斯特韋斯特休斯頓醫療中心必住普拉斯', '酒店']^['htl', 'ac']
5384181^若爾蓋姜戈星星大酒店^['若爾蓋', '姜戈星星', '大酒店']^['city', 'htl', 'ac']
776205^皇家蘭花布爾德汪花園酒店^['皇家蘭花布爾德汪', '花園酒店']^['htl', 'ac']
8990532^奧德威酒店^['奧德威', '酒店']^['htl', 'ac']
41149246^濟南地平書香世家酒店^['濟南', '地平', '書香世家', '酒店']^['city', 'htl', 'brand', 'ac']
9452415^裏奇酒店^['裏奇', '酒店']^['htl', 'ac']
4817279^婁底欣泰賓館^['婁底', '欣泰', '賓館']^['city', 'htl', 'ac']
9442805^皇家蘋果酒店^['皇家蘋果', '酒店']^['htl', 'ac']
7324753^霍里桑特度假村酒店^['霍里桑特', '度假村酒店']^['htl', 'ac']
22153013^奎切裏盧克斯別墅酒店^['奎切裏盧克斯', '別墅酒店']^['htl', 'ac']
3458843^本溪佳和國際商務公寓^['本溪', '佳和國際', '商務公寓']^['city', 'htl', 'ac']
6589023^阜寧相會國際大酒店^['阜寧', '相會', '國際大酒店']^['city', 'htl', 'ac']
6770689^武安銘軒國際酒店^['武安', '銘軒', '國際酒店']^['city', 'htl', 'ac']
36270371^平遙邵新剛公寓^['平遙', '邵新剛', '公寓']^['city', 'htl', 'ac']
21839191^阿拉巴馬海灣國家公園希爾頓酒店^['阿拉巴馬海灣國家公園', '希爾頓', '酒店']^['htl', 'brand', 'ac']
9411038^卡敏司徒餐廳酒店^['卡敏司徒餐廳', '酒店']^['htl', 'ac']
22086935^襄陽家庭旅館^['襄陽', '家庭旅館']^['city', 'ac']
8445132^深圳藝棧ARTINN民宿^['深圳', '藝棧ARTINN', '民宿']^['city', 'htl', 'ac']
48956568^聯合之家公寓酒店^['聯合之家', '公寓酒店']^['htl', 'ac']
3044239^烏貝拉巴丹酒店^['烏貝拉巴', '丹', '酒店']^['city', 'htl', 'ac']
5339487^第戎克萊蒙梭鐘樓會議酒店^['第戎', '克萊蒙梭鐘樓會議', '酒店']^['city', 'htl', 'ac']
6545342^安順金蘋果溫泉大酒店^['安順', '金蘋果溫泉', '大酒店']^['city', 'htl', 'ac']
3924743^巴林科特酒店^['巴林科特', '酒店']^['htl', 'ac']
1686208^廣州佳興酒店^['廣州', '佳興', '酒店']^['city', 'htl', 'ac']
12142471^帕拉多爾維甘旅館^['帕拉多爾', '維甘', '旅館']^['brand', 'htl', 'ac']
775054^博微得酒店^['博微得', '酒店']^['htl', 'ac']
2075607^馬尼拉廣場假日酒店^['馬尼拉廣場', '假日酒店']^['htl', 'ac']
7580564^波爾尼克金鬱金香套房公寓式酒店^['波爾尼克', '金鬱金香', '套房', '公寓式酒店']^['city', 'brand', 'htl', 'ac']
11336643^虎頂卡娜裏旅館^['虎頂卡娜裏', '旅館']^['htl', 'ac']
345553^三亞亞龍灣紅樹林度假酒店^['三亞', '亞龍灣', '紅樹林', '度假酒店']^['city', 'poi', 'htl', 'ac']
8578703^上海繁華公寓^['上海', '繁華', '公寓']^['city', 'htl', 'ac']
9836813^羅迪爾酒店^['羅迪爾', '酒店']^['htl', 'ac']
2883973^帆船旅館^['帆船', '旅館']^['htl', 'ac']
5673859^清邁弗洛拉小溪度假村^['清邁弗洛拉小溪', '度假村']^['htl', 'ac']
5281979^布殊米爾斯酒店和餐廳^['布殊米爾斯', '酒店', '和餐廳']^['htl', 'ac', 'other']
6552260^卡圖洛酒店^['卡圖洛', '酒店']^['htl', 'ac']
3107637^羅德蒙克頓酒店^['羅德蒙克頓', '酒店']^['htl', 'ac']
3457250^諾克斯維爾中心造紙廠拉昆塔套房酒店^['諾克斯維爾', '中心造紙廠拉昆塔套房', '酒店']^['city', 'htl', 'ac']
2241055^汕頭倚園觀瀾酒店^['汕頭', '倚園觀瀾', '酒店']^['city', 'htl', 'ac']
3171751^旬景浪漫 銀波莊^['旬景浪漫 銀波莊']^['htl']
48491709^麗江聚舍景觀度假客棧^['麗江', '聚舍景觀度假', '客棧']^['city', 'htl', 'ac']
2193518^河畔閣酒店^['河畔閣', '酒店']^['htl', 'ac']
54599673^龍目島湯姆與傑瑞別墅酒店^['龍目島', '湯姆與傑瑞', '別墅酒店']^['city', 'htl', 'ac']
741329^莫斯科瑞士酒店^['莫斯科', '瑞士', '酒店']^['city', 'brand', 'ac']
8376708^圖爾塔斯俱樂部海灘酒店 全包式^['圖爾塔斯俱樂部海灘', '酒店', '全包式']^['htl', 'ac', 'other']
6287542^索迪亞娜酒店^['索迪亞娜', '酒店']^['htl', 'ac']
15809009^羅伯特旅館^['羅伯特', '旅館']^['htl', 'ac']
54789747^濟州福家一 當地小區 地道餐廳 民宿^['濟州', '福家一 當地小區 地道餐廳', '民宿']^['city', 'htl', 'ac']
689174^貝斯特韋斯特芒伽杜瓦酒店^['貝斯特韋斯特芒伽杜瓦', '酒店']^['htl', 'ac']
13960012^歐格林旅館^['歐格林', '旅館']^['htl', 'ac']
15686763^卡德羅尼之家^['卡德羅尼之家']^['htl']
10144826^北街17號經濟酒店^['北街17號經濟', '酒店']^['htl', 'ac']
21875725^海濱放鬆酒店^['海濱放鬆', '酒店']^['htl', 'ac']
1934741^劍河柏林酒店^['劍河', '柏林', '酒店']^['city', 'htl', 'ac']
711256^U旅館^['U', '旅館']^['htl', 'ac']
23500020^烏蘭巴託諾富特酒店^['烏蘭巴託', '諾富特', '酒店']^['htl', 'brand', 'ac']
2562472^科羅爾酒店^['科羅爾', '酒店']^['htl', 'ac']
3084206^帕克酒店英瑪寇拉塔別墅^['帕克', '酒店', '英瑪寇拉塔別墅']^['htl', 'ac', 'other']
8624233^北京68號院^['北京', '68號院']^['city', 'htl']
2906223^衡陽清逸賓館^['衡陽', '清逸', '賓館']^['city', 'htl', 'ac']
53465565^阿菲塔卡梅爾綠堤酒店^['阿菲塔卡梅爾綠堤', '酒店']^['htl', 'ac']
26522473^塞羅酒店^['塞羅', '酒店']^['htl', 'ac']
1470610^桂林豪廷酒店^['桂林', '豪廷', '酒店']^['city', 'htl', 'ac']
1543802^峇里島巴特卡瑞酒店^['峇里島', '巴特卡瑞', '酒店']^['city', 'htl', 'ac']
63283436^瀘州鳳凰湖酒店^['瀘州', '鳳凰湖', '酒店']^['city', 'poi', 'ac']
45288633^微客佈景酒店(綿陽園藝山店)^['微客佈景', '酒店', '綿陽']^['htl', 'ac', 'city']
9670445^鄉村旅館^['鄉村', '旅館']^['htl', 'ac']
6156162^台北S酒店^['台北', 'S', '酒店']^['city', 'htl', 'ac']
47866359^桂林泓都國際酒店^['桂林', '泓都', '國際酒店']^['city', 'htl', 'ac']
3045026^迪杜齊住宅酒店^['迪杜齊', '住宅酒店']^['htl', 'ac']
45819186^布拉澤里亞套房酒店^['布拉澤里亞套房', '酒店']^['htl', 'ac']
27288138^甘孜如意珍寶大酒店^['甘孜', '如意珍寶', '大酒店']^['city', 'htl', 'ac']
6869532^姚安梅葛客棧^['姚安', '梅葛', '客棧']^['city', 'htl', 'ac']
11231264^阿爾貝格富士費爾米耶旅館^['阿爾貝格富士費爾米耶', '旅館']^['htl', 'ac']
6853797^石台仙牯園山莊^['石台', '仙牯園', '山莊']^['city', 'htl', 'ac']
4359142^美地旅舍^['美地', '旅舍']^['htl', 'ac']
9046361^恆生酒店^['恆生', '酒店']^['htl', 'ac']
9481452^席爾瓦索託平房公寓酒店^['席爾瓦索託平房', '公寓酒店']^['htl', 'ac']
49423775^馨樂庭伊斯林頓倫敦酒店^['馨樂庭', '伊斯林頓倫敦', '酒店']^['brand', 'htl', 'ac']
2872704^艾爾摩酒店^['艾爾摩', '酒店']^['htl', 'ac']
2547452^皮爾馬森斯貝斯特韋斯特城市酒店^['皮爾馬森斯', '貝斯特韋斯特城市', '酒店']^['city', 'htl', 'ac']
56147103^張家界職工休養所^['張家界', '職工休養所']^['city', 'htl']
53234535^天津津客之旅公寓^['天津', '津客之旅', '公寓']^['city', 'htl', 'ac']
703052^阮麥三巖度假酒店^['阮麥三巖', '度假酒店']^['htl', 'ac']
9524167^澤姆除茲納加夫加薩酒店^['澤姆除茲納加夫加薩', '酒店']^['htl', 'ac']
853889^漢庭酒店(重慶解放碑洪崖洞店)^['漢庭', '酒店', '重慶', '解放碑', '洪崖洞']^['brand', 'ac', 'city', 'poi', 'poi']
8992830^亞納摩曼頓藝術酒店^['亞納摩曼頓', '藝術酒店']^['htl', 'ac']
4357438^德邦特維沃爾^['德邦特維沃爾']^['htl']
15679089^內羅畢米勒來酒店^['內羅畢', '米勒來', '酒店']^['city', 'htl', 'ac']
9050244^馬林酒店^['馬林', '酒店']^['htl', 'ac']
10961779^阿加夫馬爾酒店^['阿加夫馬爾', '酒店']^['htl', 'ac']
5469098^奧瑪克賽邦旅館^['奧瑪克賽邦', '旅館']^['htl', 'ac']
5103482^芭提雅羅薩旺泳池別墅^['芭提雅羅薩旺泳池', '別墅']^['htl', 'ac']
2864074^傾城酒店^['傾城', '酒店']^['htl', 'ac']
29826101^騰沖蕉溪賈府客棧^['騰沖蕉溪賈府', '客棧']^['htl', 'ac']
22151086^納迪爾商務酒店^['納迪爾', '商務酒店']^['htl', 'ac']
2885404^裏布泰勒中心戴斯酒店^['裏布泰勒中心', '戴斯', '酒店']^['htl', 'brand', 'ac']
3639839^科斯塔阿祖拉酒店^['科斯塔阿祖拉', '酒店']^['htl', 'ac']
4224355^奧克亞布拉斯卡婭酒店^['奧克亞布拉斯卡婭', '酒店']^['htl', 'ac']
67755877^卡軍酒店^['卡軍', '酒店']^['htl', 'ac']
3455021^法爾內塔餐廳酒店^['法爾內塔餐廳', '酒店']^['htl', 'ac']
2198274^聖詹姆斯奧爾巴尼巴黎 Spa 酒店^['聖詹姆斯奧爾巴尼巴黎 Spa', '酒店']^['htl', 'ac']
13666677^馬哈德夫瑞森西酒店^['馬哈德夫瑞森西', '酒店']^['htl', 'ac']
21880372^海員套房酒店^['海員套房', '酒店']^['htl', 'ac']
9873179^導航旅館^['導航', '旅館']^['htl', 'ac']
2878127^伊登豪斯酒店^['伊登豪斯', '酒店']^['htl', 'ac']
9226900^迪瓦酒店^['迪瓦', '酒店']^['htl', 'ac']
9957582^布里斯託爾大廈酒店^['布里斯託爾大廈', '酒店']^['htl', 'ac']
45818159^OYO 839 皇家旅館^['OYO 839 皇家', '旅館']^['htl', 'ac']
8724202^科裏雷法爾酒店^['科裏雷法爾', '酒店']^['htl', 'ac']
65268412^金寨靜怡賓館^['金寨', '靜怡', '賓館']^['city', 'htl', 'ac']
2920007^提夫頓凱藝酒店^['提夫頓', '凱藝', '酒店']^['city', 'htl', 'ac']
3694355^西姆蘭驕傲酒店^['西姆蘭驕傲', '酒店']^['htl', 'ac']
1368026^濟南誠緣旅館^['濟南', '誠緣', '旅館']^['city', 'htl', 'ac']
1221065^龍巖鳳凰賓館^['龍巖', '鳳凰', '賓館']^['city', 'htl', 'ac']
36278315^深圳欣欣然的家公寓^['深圳', '欣欣然的家', '公寓']^['city', 'htl', 'ac']
3079988^卡雅瑪里斯酒店^['卡雅瑪里斯', '酒店']^['htl', 'ac']
4230922^博爾戈裏奇奧鄉村民宿^['博爾戈裏奇奧鄉村', '民宿']^['htl', 'ac']
60007994^日光˙寓^['日光˙寓']^['htl']
31919781^謝里巴拉吉住宿 MIT Enclave^['謝里巴拉吉', '住宿', 'MIT Enclave']^['htl', 'ac', 'other']
6283275^傘旅館^['傘', '旅館']^['htl', 'ac']
43539603^富民涵香居客棧^['富民', '涵香居', '客棧']^['city', 'htl', 'ac']
6318617^蘭莓精品酒店(蘭州西園店)^['蘭莓', '精品酒店', '蘭州']^['htl', 'ac', 'city']
9147653^哈格爾斯頓 I 81 伊克諾旅館^['哈格爾斯頓 I 81 伊克諾', '旅館']^['htl', 'ac']
11283767^瓦許與韋爾斯酒店^['瓦許與韋爾斯', '酒店']^['htl', 'ac']
22085723^奇達國際酒店^['奇達', '國際酒店']^['htl', 'ac']
6016426^南澳天域海天公寓^['南澳', '天域海天', '公寓']^['city', 'htl', 'ac']
21906825^印家公寓酒店 巴拉提夫卡席林克^['印家', '公寓酒店', '巴拉提夫卡席林克']^['htl', 'ac', 'other']
64267949^比利亞羅夫萊多 4 居私人游泳池別墅酒店 附設備完善陽台及無網上網^['比利亞羅夫萊多 4 居私人游泳池', '別墅酒店', '附設備完善陽台及無網上網']^['htl', 'ac', 'other']
9210074^阿萊克旅館^['阿萊克', '旅館']^['htl', 'ac']
8555975^防城港龍鳳賓館^['防城港', '龍鳳', '賓館']^['city', 'htl', 'ac']
8562206^晉中馨怡租房^['晉中', '馨怡租房']^['city', 'htl']
58075411^深圳laura 78公寓(2號店)^['深圳', 'laura 78', '公寓']^['city', 'htl', 'ac']
10970081^塔格斯卡亞斯皮克特爾酒店^['塔格斯卡亞斯皮克特爾', '酒店']^['htl', 'ac']
9472349^拉羅通達酒店^['拉羅通達', '酒店']^['htl', 'ac']
2981109^奧瑞格威基基海岸公寓酒店^['奧瑞格威基基海岸', '公寓酒店']^['htl', 'ac']
9869944^紹爾布賴酒店^['紹爾布賴', '酒店']^['htl', 'ac']
3645265^溫泉城三葉草汽車旅館^['溫泉城三葉草', '汽車旅館']^['htl', 'ac']
2307689^天台山綠林酒店^['天台山', '綠林', '酒店']^['poi', 'htl', 'ac']
455305^廣州白雲湖畔酒店(廣東南湖旅遊中心)^['廣州', '白雲湖', '畔', '酒店']^['city', 'poi', 'htl', 'ac']
685333^峇里島阿魯娜別墅酒店^['峇里島', '阿魯娜', '別墅酒店']^['city', 'htl', 'ac']
2510767^馬卡蒂鑽石公寓式酒店^['馬卡蒂', '鑽石', '公寓式酒店']^['city', 'htl', 'ac']
9042731^豪斯斯萬特卡赫茲酒店^['豪斯斯萬特卡赫茲', '酒店']^['htl', 'ac']
43644106^青島郭GUO公寓^['青島', '郭GUO', '公寓']^['city', 'htl', 'ac']
35980442^深圳青瓦房民宿^['深圳', '青瓦房', '民宿']^['city', 'htl', 'ac']
2380063^佩科斯智選假日酒店^['佩科斯', '智選', '假日酒店']^['city', 'htl', 'ac']
46315973^尼斯之家酒店^['尼斯之家', '酒店']^['htl', 'ac']
928207^佛山金滙都商務酒店^['佛山', '金滙都', '商務酒店']^['city', 'htl', 'ac']
10519954^特圖裏奧酒店^['特圖裏奧', '酒店']^['htl', 'ac']
2784407^珠海小微公寓^['珠海', '小微', '公寓']^['city', 'htl', 'ac']
25659594^馬術旅館 埃及金字塔^['馬術', '旅館', '埃及金字塔']^['htl', 'ac', 'other']
2890433^阿姆斯特丹圖書館酒店^['阿姆斯特丹', '圖書館', '酒店']^['city', 'htl', 'ac']
2468579^安圖憶家親賓館^['安圖', '憶家親', '賓館']^['city', 'htl', 'ac']
46027516^西都民宿(西安鉑悅小區店)^['西都', '民宿', '西安']^['htl', 'ac', 'city']
21871830^雷島林灘 2 居之家設備完善陽台酒店 附游泳池及無網上網 離海灘 400 米^['雷島林灘 2 居之家設備完善陽台', '酒店', '附游泳池及無網上網 離海灘 400 米']^['htl', 'ac', 'other']
5487362^巴黎共和國萬麗酒店^['巴黎', '共和國', '萬麗', '酒店']^['city', 'htl', 'brand', 'ac']
9498746^梅納拉勞特酒店^['梅納拉勞特', '酒店']^['htl', 'ac']
54212742^安東尼阿布拉莫維奇酒店^['安東尼阿布拉莫維奇', '酒店']^['htl', 'ac']
54508857^科裏公寓^['科裏', '公寓']^['htl', 'ac']
8579835^天海大酒店^['天海', '大酒店']^['htl', 'ac']
13788249^黃山竹雲山水民宿^['黃山', '竹雲山水', '民宿']^['city', 'htl', 'ac']
46985107^現代 2 居公寓酒店 教堂景觀 最佳位置^['現代 2 居', '公寓酒店', '教堂景觀 最佳位置']^['htl', 'ac', 'other']
751915^海崖閣酒店及豪華公寓^['海崖閣', '酒店', '及豪華公寓']^['htl', 'ac', 'other']
4036604^昆明坤華酒店長水機場店^['昆明', '坤華', '酒店', '長水機場店']^['city', 'htl', 'ac', 'other']
8334820^麗麗華公寓酒店^['麗麗華', '公寓酒店']^['htl', 'ac']
1721312^綠地酒店^['綠地', '酒店']^['htl', 'ac']
32557719^米婭科席奇公寓酒店^['米婭科席奇', '公寓酒店']^['htl', 'ac']
15094604^香格里拉親愛的客棧^['香格里拉', '親愛的', '客棧']^['city', 'htl', 'ac']
2335181^利物浦貝斯特韋斯特優質酒店 錫拉丘茲套房酒店^['利物浦', '貝斯特韋斯特優質酒店 錫拉丘茲套房', '酒店']^['city', 'htl', 'ac']
52178670^惠州沸騰的海浪公寓(2號店)^['惠州', '沸騰的海浪', '公寓']^['city', 'htl', 'ac']
4336078^汕頭龍湖豪儷住宿^['汕頭', '龍湖', '豪儷', '住宿']^['city', 'poi', 'htl', 'ac']
9274050^寧靜科威斯酒店 回春住宿酒店^['寧靜科威斯酒店 回春住宿', '酒店']^['htl', 'ac']
25689003^嵊泗拾久民宿^['嵊泗', '拾久', '民宿']^['city', 'htl', 'ac']
10743429^拉費爾梅威格尼斯酒店^['拉費爾梅威格尼斯', '酒店']^['htl', 'ac']
4044646^三藩市伊拉普阿託商務酒店^['三藩市伊拉普阿託', '商務酒店']^['htl', 'ac']
6237202^加里酒店^['加里', '酒店']^['htl', 'ac']
62699337^唐山天啟鐿墁徠酒店^['唐山', '天啟鐿墁徠', '酒店']^['city', 'htl', 'ac']
3927431^多莫斯卡薩萊託住宿加早餐旅館^['多莫斯卡薩萊託住宿加早餐', '旅館']^['htl', 'ac']
54113699^K1 法納貝海灘舒適游泳池酒店^['K1 法納貝海灘舒適游泳池', '酒店']^['htl', 'ac']
4841267^瀋陽紫晶旅館^['瀋陽', '紫晶', '旅館']^['city', 'htl', 'ac']
2258249^紐波特智選假日酒店^['紐波特', '智選', '假日酒店']^['city', 'htl', 'ac']
9425653^馬斯德爾博特鄉村民宿^['馬斯德爾博特鄉村', '民宿']^['htl', 'ac']
29732808^成都西博城美居酒店^['成都', '西博城', '美居', '酒店']^['city', 'poi', 'brand', 'ac']
45901830^呼和浩特Ai尚•青城小築^['呼和浩特', 'Ai尚•青城小築']^['city', 'htl']
749156^蘇黎世瑞士酒店^['蘇黎世', '瑞士', '酒店']^['city', 'brand', 'ac']
60143003^弗利斯沃斯公寓酒店^['弗利斯沃斯', '公寓酒店']^['htl', 'ac']
9045753^席勒鋪拉茨酒店^['席勒鋪拉茨', '酒店']^['htl', 'ac']
50457537^惠州芳子 芳子公寓^['惠州', '芳子 芳子', '公寓']^['city', 'htl', 'ac']
15935417^納韋甘蒂斯伊達賈伊宜必思快捷酒店^['納韋甘蒂斯伊達賈伊', '宜必思', '快捷酒店']^['htl', 'brand', 'ac']
28773742^OYO 松島溫泉乙女之御酒店^['OYO 松島溫泉乙女之御', '酒店']^['htl', 'ac']
48616492^全新輕巧開放式公寓尼斯特普里公寓酒店^['全新輕巧開放式公寓尼斯特普里', '公寓酒店']^['htl', 'ac']
63053411^臨海雲朵姐姐的花園民宿^['臨海', '雲朵姐姐的花園', '民宿']^['city', 'htl', 'ac']
7082110^首爾Kapmar民宿^['首爾', 'Kapmar', '民宿']^['city', 'htl', 'ac']
659871^紹興雷迪森萬錦大酒店^['紹興', '雷迪森', '萬錦', '大酒店']^['city', 'brand', 'htl', 'ac']
3449522^伊思花海灘酒店^['伊思花海灘', '酒店']^['htl', 'ac']
8989194^蘭塔山美景度假村^['蘭塔山美景', '度假村']^['htl', 'ac']
6804960^武平體育商務賓館^['武平', '體育', '商務賓館']^['city', 'htl', 'ac']
6074765^雲和梯田雲澗民宿^['雲和', '梯田雲澗', '民宿']^['city', 'htl', 'ac']
12252521^理縣吉祥崗贊酒店^['理縣', '吉祥崗贊', '酒店']^['city', 'htl', 'ac']
1217469^夏河寶馬賓館二部^['夏河', '寶馬', '賓館', '二部']^['city', 'htl', 'ac', 'other']
7595887^沙努爾普拉桑希旅館^['沙努爾', '普拉桑希', '旅館']^['poi', 'htl', 'ac']
24135720^亞洲家園壯麗酒店^['亞洲家園壯麗', '酒店']^['htl', 'ac']
702520^布吉碧海藍天海景泳池套房酒店^['布吉', '碧海藍天海景泳池套房', '酒店']^['city', 'htl', 'ac']
6077778^穆哈娜廣場薩米亞老索克酒店^['穆哈娜廣場薩米亞老索克', '酒店']^['htl', 'ac']
5575017^米開朗基羅住宿加早餐旅館^['米開朗基羅住宿加早餐', '旅館']^['htl', 'ac']
9778840^帕斯瑪娜古亞旅館酒店^['帕斯瑪娜古亞旅館', '酒店']^['htl', 'ac']
30834842^蒙蒂貝勒酒店^['蒙蒂貝勒', '酒店']^['htl', 'ac']
9753757^艾列克託切克尼克納亞街 18 號迷你酒店^['艾列克託切克尼克納亞街 18 號迷你', '酒店']^['htl', 'ac']
23837472^安南德公寓酒店^['安南德', '公寓酒店']^['htl', 'ac']
1876084^井岡山星街賓館^['井岡山', '星街', '賓館']^['city', 'htl', 'ac']
14182709^市中心現代公寓酒店^['市中心現代', '公寓酒店']^['htl', 'ac']
700137^薩姆德拉酒店^['薩姆德拉', '酒店']^['htl', 'ac']
2507038^武勝蘭亭文化精品酒店^['武勝', '蘭亭文化', '精品酒店']^['city', 'htl', 'ac']
3085228^大國際康芒斯旅館酒店^['大國際康芒斯旅館', '酒店']^['htl', 'ac']
481564^錦江之星(泰州萬達廣場江州南路店)^['錦江之星', '泰州', '萬達']^['brand', 'city', 'brand']
4233800^里爾金塔聖荷西旅館^['里爾金塔聖荷西', '旅館']^['htl', 'ac']
9043867^阿爾貝格拉羅卡酒店^['阿爾貝格拉羅卡', '酒店']^['htl', 'ac']
43475401^北海惠清•海邊人家特色民宿^['北海', '惠清•海邊人家', '特色民宿']^['city', 'htl', 'ac']
1454817^如家酒店(連雲港瀛洲路蘇欣快客站店)^['如家', '酒店', '連雲港']^['brand', 'ac', 'city']
801943^麗江香格里客棧^['麗江', '香格里', '客棧']^['city', 'htl', 'ac']
3798704^阿羅拉曼達酒店^['阿羅拉曼達', '酒店']^['htl', 'ac']
2692886^悉尼林利之家酒店^['悉尼', '林利之家', '酒店']^['city', 'htl', 'ac']
28767201^哈隆旅館^['哈隆', '旅館']^['htl', 'ac']
23778449^班帕雀登酒店^['班帕雀登', '酒店']^['htl', 'ac']
2884131^佈雷肯裏奇山林小屋^['佈雷肯裏奇', '山林', '小屋']^['city', 'htl', 'ac']
737080^昆明濤博溫泉酒店^['昆明', '濤博溫泉', '酒店']^['city', 'htl', 'ac']
740824^香港海都賓館^['香港', '海都', '賓館']^['city', 'htl', 'ac']
9284313^錫耶納中心公寓^['錫耶納', '中心', '公寓']^['city', 'htl', 'ac']
3450858^安蒂瑪麗亞海灘公寓酒店^['安蒂瑪麗亞海灘', '公寓酒店']^['htl', 'ac']
706154^塞加庫肯酒店^['塞加庫肯', '酒店']^['htl', 'ac']
7029215^喀山城市旅舍^['喀山', '城市', '旅舍']^['city', 'htl', 'ac']
26439602^漢斯格里耶特酒店^['漢斯格里耶特', '酒店']^['htl', 'ac']
2092692^吉昌加爾吉拉卡普爾麗亭酒店^['吉昌加爾吉拉卡普爾', '麗亭', '酒店']^['htl', 'brand', 'ac']
2337330^坦帕機場欣庭套房酒店^['坦帕', '機場欣庭套房', '酒店']^['city', 'htl', 'ac']
3902564^克拉科沃加德克倫威爾酒店^['克拉科沃加德克倫威爾', '酒店']^['htl', 'ac']
60038416^吉安井岡山雲海農家 民宿(望山閣)^['吉安', '井岡山', '雲海', '農家', '民宿']^['city', 'city', 'htl', 'ac', 'other']
2970487^亞歷克斯布達佩斯特思卡亞酒店^['亞歷克斯布達佩斯特思卡亞', '酒店']^['htl', 'ac']
1713582^OYO 345 克里克賓館^['OYO 345 克里克', '賓館']^['htl', 'ac']
37502443^東京喜意恩酒店^['東京', '喜意恩', '酒店']^['city', 'htl', 'ac']
49851343^水木中洲 5 號 無人酒店^['水木中洲 5 號 無人', '酒店']^['htl', 'ac']
2618067^龍脊梯田雲山閣客棧^['龍脊梯田', '雲山閣', '客棧']^['poi', 'htl', 'ac']
21874104^貢內薩精彩海景裝潢露台無網上網 2 居之家酒店 離海灘 20 米^['貢內薩', '精彩海景裝潢露台無網上網 2 居之家', '酒店', '離海灘 20 米']^['city', 'htl', 'ac', 'other']
2291434^梅愛麗哈邁特酒店^['梅愛麗哈邁特', '酒店']^['htl', 'ac']
21890025^自然民宿 5 個超級主題民宿^['自然民宿 5 個超級主題', '民宿']^['htl', 'ac']
25730873^圖哈格寧靜公寓酒店 離海灘 30 米^['圖哈格寧靜', '公寓酒店', '離海灘 30 米']^['htl', 'ac', 'other']
9032306^西特爾酒店卡薩斯特蘭海灘酒店^['西特爾酒店卡薩斯特蘭海灘', '酒店']^['htl', 'ac']
22152974^沙堡日吻套房酒店^['沙堡日吻套房', '酒店']^['htl', 'ac']
5159337^聖佐治套房 會議中心區凱隆全套房酒店^['聖佐治套房 會議中心區凱隆全套房', '酒店']^['htl', 'ac']
13997911^奧迪維姆酒店^['奧迪維姆', '酒店']^['htl', 'ac']
45428437^遵義逸泊客賓館^['遵義', '逸泊客', '賓館']^['city', 'htl', 'ac']
1418779^高密福地賓館^['高密', '福地', '賓館']^['city', 'htl', 'ac']
54596736^蘇梅島新海馬住宅酒店^['蘇梅島', '新海馬', '住宅酒店']^['city', 'htl', 'ac']
13907882^林家公寓^['林家', '公寓']^['htl', 'ac']
9032899^維也納 普拉特一號汽車旅館^['維也納', '普拉特一號', '汽車旅館']^['city', 'htl', 'ac']
714473^巴釐酒店^['巴釐', '酒店']^['htl', 'ac']
36185871^陽光之家升級客房飯店^['陽光之家升級客房', '飯店']^['htl', 'ac']
47993317^瑪帕查村酒店^['瑪帕查村', '酒店']^['htl', 'ac']
6071490^坎昆女人海灘夢想高爾夫及Spa度假酒店^['坎昆', '女人海灘夢想高爾夫及Spa', '度假酒店']^['city', 'htl', 'ac']
1233605^天津萬順鴻昇旅館^['天津', '萬順鴻昇', '旅館']^['city', 'htl', 'ac']
1056202^城市便捷酒店(永州金水灣店)^['城市', '便捷酒店', '永州']^['htl', 'ac', 'city']
25268815^維也納國際酒店(蕪湖拓佳歡樂廣場店)^['維也納', '國際酒店', '蕪湖', '拓佳歡樂廣場']^['brand', 'ac', 'city', 'poi']
469130^重慶麗苑維景國際大酒店^['重慶', '麗苑', '維景', '國際大酒店']^['city', 'htl', 'brand', 'ac']
3921923^船長藝術之家別墅酒店 歷史奢華船長精選酒店^['船長藝術之家', '別墅酒店', '歷史奢華船長精選酒店']^['htl', 'ac', 'other']
12510781^海豚旅館^['海豚', '旅館']^['htl', 'ac']
29994735^蟾蘭塔度假村^['蟾蘭塔', '度假村']^['htl', 'ac']
47780016^大理麓悅洱海度假酒店^['大理', '麓悅洱海', '度假酒店']^['city', 'htl', 'ac']
21877184^海景旅館^['海景', '旅館']^['htl', 'ac']
1543504^百沙基海灘酒店^['百沙基海灘', '酒店']^['htl', 'ac']
9861217^埃斯卡勒酒店^['埃斯卡勒', '酒店']^['htl', 'ac']
53932305^惠州會水樓民宿^['惠州', '會水樓', '民宿']^['city', 'htl', 'ac']
10658170^OYO阿肯瑟特薩卡那蘇格蘭旅館^['OYO阿肯瑟特薩卡那蘇格蘭', '旅館']^['htl', 'ac']
9920254^布齊奧斯陽光馬爾住宅酒店^['布齊奧斯陽光馬爾', '住宅酒店']^['htl', 'ac']
9998977^左巴酒店^['左巴', '酒店']^['htl', 'ac']
51143810^卡拉塞塔 2 居公寓酒店 附專屬花園^['卡拉塞塔 2 居', '公寓酒店', '附專屬花園']^['htl', 'ac', 'other']
8991199^丹佛北 威斯敏斯特萬怡酒店^['丹佛北 威斯敏斯特', '萬怡', '酒店']^['htl', 'brand', 'ac']
2918354^美國長住酒店 塔科馬 法伊夫^['美國長住', '酒店', '塔科馬', '法伊夫']^['htl', 'ac', 'other', 'city']
1208762^成都泰逸酒店^['成都', '泰逸', '酒店']^['city', 'htl', 'ac']
5149598^普特酒店^['普特', '酒店']^['htl', 'ac']
486068^廣州香灣酒店^['廣州', '香灣', '酒店']^['city', 'htl', 'ac']
2220454^休斯頓北智選假日套房洲際酒店^['休斯頓', '北智選假日套房', '洲際', '酒店']^['city', 'htl', 'brand', 'ac']
64048331^開元頤居酒店(晉江世紀公園店)^['開元', '頤居', '酒店', '晉江']^['brand', 'htl', 'ac', 'city']
1600531^7天連鎖酒店(惠州江北佳兆業中心店)^['7天', '連鎖酒店', '惠州', '江北']^['brand', 'ac', 'city', 'poi']
1803037^大理秀馨勻莊園^['大理', '秀馨勻', '莊園']^['city', 'htl', 'ac']
21876823^薩拜卡里厄酒店^['薩拜卡里厄', '酒店']^['htl', 'ac']
10507885^V1客房酒店^['V1客房', '酒店']^['htl', 'ac']
685813^芭堤雅水晶宮飯店^['芭堤雅', '水晶宮', '飯店']^['city', 'htl', 'ac']
29401356^千宜酒店(北流陶瓷城店)^['千宜', '酒店', '北流']^['htl', 'ac', 'city']
9399523^烏尤特酒店^['烏尤特', '酒店']^['htl', 'ac']
49860022^伊特萊爾旅館^['伊特萊爾', '旅館']^['htl', 'ac']
15919717^沙丘酒吧屋 森林中的走廊旅館^['沙丘酒吧屋 森林中的走廊', '旅館']^['htl', 'ac']
44988332^科爾菲尼奧 5 居美麗山景之家 附設備完善陽台^['科爾菲尼奧 5 居美麗山景之家 附設備完善陽台']^['htl']
2197109^班蘇西利酒店^['班蘇西利', '酒店']^['htl', 'ac']
9128775^金武西比蘭卡度假屋^['金武西比蘭卡', '度假屋']^['htl', 'ac']
48486526^OYO 846 睡覺盒子青年旅舍^['OYO 846 睡覺盒子', '青年旅舍']^['htl', 'ac']
5999469^南昌鑫源賓館^['南昌', '鑫源', '賓館']^['city', 'htl', 'ac']
739614^地那假日酒店^['地那', '假日酒店']^['htl', 'ac']